date_GMT,home_team_name,away_team_name,referee,Game Week,Pre-Match PPG (Home),Pre-Match PPG (Away),home_ppg,away_ppg,home_team_goal_count,away_team_goal_count,total_goal_count,total_goals_at_half_time,home_team_goal_count_half_time,away_team_goal_count_half_time,home_team_goal_timings,away_team_goal_timings,home_team_corner_count,away_team_corner_count,home_team_yellow_cards,home_team_red_cards,away_team_yellow_cards,away_team_red_cards,home_team_first_half_cards,home_team_second_half_cards,away_team_first_half_cards,away_team_second_half_cards,home_team_shots,away_team_shots,home_team_shots_on_target,away_team_shots_on_target,home_team_shots_off_target,away_team_shots_off_target,home_team_fouls,away_team_fouls,home_team_possession,away_team_possession,Home Team Pre-Match xG,Away Team Pre-Match xG,team_a_xg,team_b_xg,average_goals_per_match_pre_match,btts_percentage_pre_match,stadium_name
Aug 10 2018 - 7:00pm,Manchester United,Leicester City,Andre Marriner,1,0,0,1.89,1.32,2,1,3,1,1,0,"3,83",90'2,2,5,2,0,1,0,0,2,0,1,8,8,7,5,1,3,11,8,46,54,0,0,1.25,1.46,0,0,Old Trafford (Manchester)
Aug 11 2018 - 11:30am,Newcastle United,Tottenham Hotspur,Martin Atkinson,1,0,0,1.32,1.74,1,2,3,3,1,2,11,"8,18",3,5,2,0,2,0,0,2,1,1,11,13,3,6,8,7,11,12,40,60,0,0,1.18,1.58,0,0,St. James' Park (Newcastle upon Tyne)
Aug 11 2018 - 2:00pm,AFC Bournemouth,Cardiff City,Kevin Friend,1,0,0,1.53,0.74,2,0,2,1,1,0,"24,90'1",,7,4,1,0,1,0,1,0,1,0,11,7,5,2,6,5,11,9,62,38,0,0,1.5,0.89,0,0,Vitality Stadium (Bournemouth- Dorset)
Aug 11 2018 - 2:00pm,Fulham,Crystal Palace,Mike Dean,1,0,0,1.11,1.53,0,2,2,1,0,1,,"41,79",5,5,1,0,2,0,1,0,1,1,11,11,7,11,4,0,9,11,66,34,0,0,1.67,1.81,0,0,Craven Cottage (London)
Aug 11 2018 - 2:00pm,Huddersfield Town,Chelsea,Chris Kavanagh,1,0,0,0.47,1.58,0,3,3,2,0,2,,"34,45,80",2,5,2,0,1,0,1,1,0,1,6,8,2,5,4,3,9,8,37,63,0,0,0.9,1.17,0,0,John Smith's Stadium (Huddersfield- West Yorkshire)
Aug 11 2018 - 2:00pm,Watford,Brighton & Hove Albion,Jonathan Moss,1,0,0,1.42,0.68,2,0,2,1,1,0,"35,54",,8,2,2,0,2,0,0,2,1,1,15,6,6,0,9,6,10,16,53,47,0,0,1.78,0.65,0,0,Vicarage Road (Watford)
Aug 11 2018 - 4:30pm,Wolverhampton Wanderers,Everton,Craig Pawson,1,0,0,1.79,1.05,2,2,4,2,1,1,"44,80","17,67",3,6,0,0,1,1,0,0,2,0,10,9,5,6,5,3,8,7,57,43,0,0,1.41,1.34,0,0,Molineux Stadium (Wolverhampton- West Midlands)
Aug 12 2018 - 12:30pm,Liverpool,West Ham United,Anthony Taylor,1,0,0,2.79,1.11,4,0,4,2,2,0,"19,45'2,53,88",,5,4,1,0,2,0,1,0,0,2,16,5,9,3,7,2,14,9,64,36,0,0,2.12,0.75,0,0,Anfield (Liverpool)
Aug 12 2018 - 12:30pm,Southampton,Burnley,Graham Scott,1,0,0,1.21,0.89,0,0,0,0,0,0,,,8,5,0,0,1,0,0,0,1,0,10,13,4,7,6,6,10,9,47,53,0,0,1.29,1.69,0,0,St. Mary's Stadium (Southampton- Hampshire)
Aug 12 2018 - 3:00pm,Arsenal,Manchester City,Michael Oliver,1,0,0,2.37,2.32,0,2,2,1,0,1,,"14,64",2,9,2,0,2,0,1,1,1,1,8,14,4,9,4,5,11,14,42,58,0,0,1.11,1.91,0,0,Emirates Stadium (London)
Aug 18 2018 - 11:30am,Cardiff City,Newcastle United,Craig Pawson,2,0,0,1.05,1.05,0,0,0,0,0,0,,,5,5,2,0,2,1,0,2,2,1,8,8,2,7,6,1,14,16,51,49,0,0,1.03,1.22,0,0,Cardiff City Stadium (Cardiff (Caerdydd))
Aug 18 2018 - 2:00pm,Everton,Southampton,Lee Mason,2,0,0,1.79,0.84,2,1,3,2,2,0,"15,31",54,2,5,0,0,5,0,0,0,4,1,11,11,8,5,3,6,8,20,58,42,0,0,1.69,1.33,0,0,Goodison Park (Liverpool)
Aug 18 2018 - 2:00pm,Leicester City,Wolverhampton Wanderers,Mike Dean,2,0,0,1.42,1.21,2,0,2,2,2,0,"29,45",,1,9,2,1,1,0,0,3,0,1,5,11,3,4,2,7,10,8,42,58,0,0,0.81,1.53,0,0,King Power Stadium (Leicester- Leicestershire)
Aug 18 2018 - 2:00pm,Tottenham Hotspur,Fulham,Anthony Taylor,2,0,0,2,0.26,3,1,4,1,1,0,"43,74,77",52,5,2,0,0,0,0,0,0,0,0,22,9,12,4,10,5,9,5,59,41,0,0,2.75,1.04,0,0,Wembley Stadium (London)
Aug 18 2018 - 2:00pm,West Ham United,AFC Bournemouth,Stuart Attwell,2,0,0,1.63,0.84,1,2,3,1,1,0,33,"60,66",6,4,6,0,2,0,1,5,1,1,9,9,6,6,3,3,14,10,61,39,0,0,1.39,1.31,0,0,London Stadium (London)
Aug 18 2018 - 4:30pm,Chelsea,Arsenal,Martin Atkinson,2,0,0,2.21,1.32,3,2,5,4,2,2,"9,20,81","37,41",5,1,0,0,2,0,0,0,1,1,19,13,12,7,7,6,12,9,62,38,0,0,2.47,1.61,0,0,Stamford Bridge (London)
Aug 19 2018 - 12:30pm,Burnley,Watford,Paul Tierney,2,0,0,1.21,1.21,1,3,4,2,1,1,6,"3,48,51",5,2,1,0,2,0,0,1,1,1,7,7,4,7,3,0,8,19,58,42,0,0,1.09,1.25,0,0,Turf Moor (Burnley)
Aug 19 2018 - 12:30pm,Manchester City,Huddersfield Town,Andre Marriner,2,0,0,2.84,0.37,6,1,7,4,3,1,"25,31,35,48,75,84",43,10,3,0,0,2,0,0,0,0,2,24,4,15,2,9,2,9,4,76,24,0,0,3.23,0.59,0,0,Etihad Stadium (Manchester)
Aug 19 2018 - 3:00pm,Brighton & Hove Albion,Manchester United,Kevin Friend,2,0,0,1.21,1.58,3,2,5,4,3,1,"25,27,44","34,90'5",3,5,1,0,1,0,0,1,1,0,7,8,4,4,3,4,16,13,33,67,0,0,0.97,1.06,0,0,The American Express Community Stadium (Falmer- East Sussex)
Aug 20 2018 - 7:00pm,Crystal Palace,Liverpool,Michael Oliver,2,0,0,1.05,2.32,0,2,2,1,0,1,,"45,90'3",6,7,1,1,1,0,1,1,0,1,8,11,3,7,5,4,6,13,36,64,0,0,1.03,1.7,0,0,Selhurst Park (London)
Aug 25 2018 - 11:30am,Wolverhampton Wanderers,Manchester City,Martin Atkinson,3,1,3,1.79,2.32,1,1,2,0,0,0,57,69,5,9,1,0,2,0,1,0,1,1,9,13,3,7,6,6,13,8,28,72,1.41,1.91,0.96,1.84,3,50,Molineux Stadium (Wolverhampton- West Midlands)
Aug 25 2018 - 2:00pm,AFC Bournemouth,Everton,Lee Probert,3,3,1,1.53,1.05,2,2,4,0,0,0,"75,79","56,66",6,2,0,1,3,1,0,1,1,3,16,9,6,4,10,5,12,10,49,51,1.5,1.34,1.75,1.16,3,50,Vitality Stadium (Bournemouth- Dorset)
Aug 25 2018 - 2:00pm,Arsenal,West Ham United,Graham Scott,3,0,0,2.37,1.11,3,1,4,2,1,1,"30,70,90'2",25,7,2,1,0,3,0,0,1,1,2,13,11,11,6,2,5,16,13,61,39,1.11,0.75,2.01,1.44,3,0,Emirates Stadium (London)
Aug 25 2018 - 2:00pm,Huddersfield Town,Cardiff City,Michael Oliver,3,0,0,0.47,0.74,0,0,0,0,0,0,,,7,7,0,1,1,0,0,1,0,1,4,11,2,5,2,6,8,10,58,42,0.9,0.89,0.76,1.47,2.5,0,John Smith's Stadium (Huddersfield- West Yorkshire)
Aug 25 2018 - 2:00pm,Southampton,Leicester City,Jonathan Moss,3,1,0,1.21,1.32,1,2,3,0,0,0,52,"56,90'2",10,3,2,1,1,0,1,2,0,1,10,9,6,6,4,3,13,11,51,49,1.29,1.46,1.54,1.23,1.5,50,St. Mary's Stadium (Southampton- Hampshire)
Aug 25 2018 - 4:30pm,Liverpool,Brighton & Hove Albion,Chris Kavanagh,3,3,0,2.79,0.68,1,0,1,1,1,0,23,,8,5,1,0,1,0,0,1,0,1,16,5,9,3,7,2,8,14,70,30,2.12,0.65,2.26,0.76,3,0,Anfield (Liverpool)
Aug 26 2018 - 12:30pm,Watford,Crystal Palace,Anthony Taylor,3,3,3,1.42,1.53,2,1,3,0,0,0,"53,71",78,6,3,4,0,2,0,2,2,1,1,10,9,6,4,4,5,14,11,43,57,1.78,1.81,1.5,1.21,2,0,Vicarage Road (Watford)
Aug 26 2018 - 3:00pm,Fulham,Burnley,David Coote,3,0,1,1.11,0.89,4,2,6,5,3,2,"4,36,38,83","10,41",6,4,2,0,1,0,0,2,0,1,23,8,13,3,10,5,11,8,63,37,1.67,1.69,2.65,1.06,1,0,Craven Cottage (London)
Aug 26 2018 - 3:00pm,Newcastle United,Chelsea,Paul Tierney,3,0,3,1.32,1.58,1,2,3,0,0,0,83,"76,87",4,5,3,0,1,0,0,3,1,0,5,11,3,4,2,7,16,8,18,82,1.18,1.17,0.68,1.69,3,50,St. James' Park (Newcastle upon Tyne)
Aug 27 2018 - 7:00pm,Manchester United,Tottenham Hotspur,Craig Pawson,3,3,3,1.89,1.74,0,3,3,0,0,0,,"50,52,84",5,2,2,0,3,0,1,1,2,1,18,8,6,6,12,2,11,16,57,43,1.25,1.58,2.01,1.11,3,100,Old Trafford (Manchester)
Sep 01 2018 - 11:30am,Leicester City,Liverpool,Paul Tierney,4,3,3,1.42,2.32,1,2,3,2,0,2,63,"10,45",4,4,3,0,2,0,0,3,0,2,9,9,6,5,3,4,9,12,51,49,0.81,1.7,1.39,1.22,2,0,King Power Stadium (Leicester- Leicestershire)
Sep 01 2018 - 2:00pm,Brighton & Hove Albion,Fulham,Lee Probert,4,3,0,1.21,0.26,2,2,4,1,0,1,"67,84","43,62",7,1,3,0,3,0,1,2,0,3,13,9,6,6,7,3,12,14,41,59,0.97,1.04,1.69,1.22,4.5,100,The American Express Community Stadium (Falmer- East Sussex)
Sep 01 2018 - 2:00pm,Chelsea,AFC Bournemouth,Lee Mason,4,3,3,2.21,0.84,2,0,2,0,0,0,"72,85",,7,6,2,0,2,0,1,1,1,1,13,8,7,2,6,6,10,7,72,28,2.47,1.31,1.85,1.01,4,100,Stamford Bridge (London)
Sep 01 2018 - 2:00pm,Crystal Palace,Southampton,Martin Atkinson,4,0,0,1.05,0.84,0,2,2,0,0,0,,"47,90'2",7,4,1,0,1,0,0,1,0,1,14,13,7,7,7,6,11,12,50,50,1.03,1.33,1.84,1.67,2.5,50,Selhurst Park (London)
Sep 01 2018 - 2:00pm,Everton,Huddersfield Town,Stuart Attwell,4,3,0,1.79,0.37,1,1,2,2,1,1,36,34,4,3,3,0,3,0,0,3,1,2,10,8,2,7,8,1,13,14,57,43,1.69,0.59,1.06,1.33,5,100,Goodison Park (Liverpool)
Sep 01 2018 - 2:00pm,West Ham United,Wolverhampton Wanderers,Chris Kavanagh,4,0,0,1.63,1.21,0,1,1,0,0,0,,90'3,4,4,2,0,1,0,1,1,0,1,9,14,4,7,5,7,10,11,47,53,1.39,1.53,1.3,1.75,2.5,50,London Stadium (London)
Sep 01 2018 - 4:30pm,Manchester City,Newcastle United,Kevin Friend,4,3,1,2.84,1.05,2,1,3,2,1,1,"8,52",30,4,0,0,0,0,0,0,0,0,0,18,4,9,3,9,1,5,13,78,22,3.23,1.22,2.34,0.62,3.5,50,Etihad Stadium (Manchester)
Sep 02 2018 - 12:30pm,Cardiff City,Arsenal,Anthony Taylor,4,1,0,1.05,1.32,2,3,5,2,1,1,"45'2,70","11,62,81",3,9,3,0,4,0,0,3,1,3,14,16,4,12,10,4,12,14,27,73,1.03,1.61,1.49,2.35,2.5,50,Cardiff City Stadium (Cardiff (Caerdydd))
Sep 02 2018 - 3:00pm,Burnley,Manchester United,Jonathan Moss,4,0,0,1.21,1.58,0,2,2,2,0,2,,"27,44",2,5,2,0,3,1,0,2,1,3,9,16,3,10,6,6,7,13,46,54,1.09,1.06,1.13,2.06,4.5,100,Turf Moor (Burnley)
Sep 02 2018 - 3:00pm,Watford,Tottenham Hotspur,Andre Marriner,4,3,3,1.42,1.74,2,1,3,0,0,0,"69,76",53,3,10,2,0,1,0,0,2,0,1,7,10,4,3,3,7,9,8,34,66,1.64,1.34,1.13,1.45,2.75,50,Vicarage Road (Watford)
Sep 15 2018 - 11:30am,Tottenham Hotspur,Liverpool,Michael Oliver,5,3,3,2,2.32,1,2,3,1,0,1,90'3,"39,54",5,4,0,0,0,0,0,0,0,0,9,16,4,11,5,5,17,16,60,40,2.75,1.46,1.03,1.9,3.25,75,Wembley Stadium (London)
Sep 15 2018 - 2:00pm,AFC Bournemouth,Leicester City,Craig Pawson,5,2,1.5,1.53,1.32,4,2,6,3,3,0,"19,37,41,81","88,89",4,6,3,0,3,1,1,2,2,2,8,13,6,9,2,4,13,15,46,54,1.63,1.35,1.16,1.85,3,75,Vitality Stadium (Bournemouth- Dorset)
Sep 15 2018 - 2:00pm,Chelsea,Cardiff City,Jonathan Moss,5,3,0.5,2.21,0.74,4,1,5,3,2,1,"37,43,80,83",16,5,4,0,0,0,0,0,0,0,0,16,7,8,3,8,4,8,10,76,24,2.16,1.18,1.86,0.91,2.25,25,Stamford Bridge (London)
Sep 15 2018 - 2:00pm,Huddersfield Town,Crystal Palace,Lee Mason,5,0.5,1.5,0.47,1.53,0,1,1,1,0,1,,38,5,3,1,0,2,0,1,0,2,0,12,5,3,3,9,2,11,17,58,42,0.83,1.51,1.43,0.71,2,25,John Smith's Stadium (Huddersfield- West Yorkshire)
Sep 15 2018 - 2:00pm,Manchester City,Fulham,Stuart Attwell,5,3,0.5,2.84,0.26,3,0,3,2,2,0,"2,21,47",,10,4,0,0,0,0,0,0,0,0,18,9,10,4,8,5,7,7,64,36,2.79,1.13,2.4,1.08,4.5,100,Etihad Stadium (Manchester)
Sep 15 2018 - 2:00pm,Newcastle United,Arsenal,Lee Probert,5,0,1.5,1.32,1.32,1,2,3,0,0,0,90'1,"49,58",10,4,0,0,0,0,0,0,0,0,3,8,3,3,0,5,13,11,36,64,0.93,1.98,0.7,1.09,4,100,St. James' Park (Newcastle upon Tyne)
Sep 15 2018 - 4:30pm,Watford,Manchester United,Mike Dean,5,3,1.5,1.42,1.58,1,2,3,2,0,2,65,"35,38",6,8,2,0,2,1,2,0,0,3,9,8,6,7,3,1,9,11,42,58,1.47,1.56,1.41,1.36,3.09,59,Vicarage Road (Watford)
Sep 16 2018 - 12:30pm,Wolverhampton Wanderers,Burnley,Andre Marriner,5,1,0.5,1.79,0.89,1,0,1,0,0,0,61,,8,2,2,0,4,0,0,2,2,2,21,8,8,3,13,5,10,9,58,42,1.18,1.38,2.4,0.96,3,75,Molineux Stadium (Wolverhampton- West Midlands)
Sep 16 2018 - 3:00pm,Everton,West Ham United,Martin Atkinson,5,2,0,1.79,1.11,1,3,4,3,1,2,45'2,"11,31,61",4,2,2,0,5,0,1,1,1,4,11,7,5,5,6,2,15,12,55,45,1.38,1.1,1.51,1.14,3.25,75,Goodison Park (Liverpool)
Sep 17 2018 - 7:00pm,Southampton,Brighton & Hove Albion,Anthony Taylor,5,0.5,0,1.21,0.68,2,2,4,1,1,0,"35,65","67,90",1,4,2,0,3,0,0,2,0,3,12,10,6,5,6,5,10,13,51,49,1.42,0.71,1.51,1.26,1.5,25,St. Mary's Stadium (Southampton- Hampshire)
Sep 22 2018 - 11:30am,Fulham,Watford,Martin Atkinson,6,1.5,3,1.11,1.21,1,1,2,1,0,1,78,2,8,8,2,0,1,0,2,0,0,1,10,11,4,7,6,4,11,9,60,40,2.16,1.25,1.26,1.55,4,75,Craven Cottage (London)
Sep 22 2018 - 2:00pm,Burnley,AFC Bournemouth,Anthony Taylor,6,0,1.5,1.21,0.84,4,0,4,2,2,0,"39,41,83,88",,3,8,2,0,0,0,1,1,0,0,9,11,6,6,3,5,17,6,37,63,1.11,1.16,1.24,1.6,2.75,50,Turf Moor (Burnley)
Sep 22 2018 - 2:00pm,Cardiff City,Manchester City,Michael Oliver,6,0.5,2,1.05,2.32,0,5,5,3,0,3,,"32,35,44,67,89",1,9,1,0,1,0,1,0,0,1,3,15,3,11,0,4,6,4,21,79,1.26,1.88,0.54,2.14,2.25,50,Cardiff City Stadium (Cardiff (Caerdydd))
Sep 22 2018 - 2:00pm,Crystal Palace,Newcastle United,Andre Marriner,6,0,0.5,1.05,1.05,0,0,0,0,0,0,,,9,5,1,0,1,0,0,1,1,0,12,7,5,4,7,3,8,11,61,39,1.43,0.92,1.57,0.94,1.75,25,Selhurst Park (London)
Sep 22 2018 - 2:00pm,Leicester City,Huddersfield Town,David Coote,6,1.5,0.5,1.42,0.37,3,1,4,2,1,1,"19,66,75",5,3,1,2,0,1,0,2,0,0,1,16,8,9,3,7,5,10,16,62,38,1.1,0.96,1.9,0.92,3.5,75,King Power Stadium (Leicester- Leicestershire)
Sep 22 2018 - 2:00pm,Liverpool,Southampton,Paul Tierney,6,3,1.5,2.79,0.84,3,0,3,3,3,0,"10,21,45'3",,5,5,0,0,2,0,0,0,1,1,10,3,5,2,5,1,7,10,60,40,2.19,1.5,1.41,0.61,2.5,25,Anfield (Liverpool)
Sep 22 2018 - 2:00pm,Manchester United,Wolverhampton Wanderers,Kevin Friend,6,1.5,1.5,1.89,1.21,1,1,2,1,1,0,18,53,5,4,1,0,1,0,1,0,0,1,10,12,7,9,3,3,5,17,64,36,1.63,1.64,1.57,1.71,2.25,25,Old Trafford (Manchester)
Sep 22 2018 - 4:30pm,Brighton & Hove Albion,Tottenham Hotspur,Chris Kavanagh,6,2,2,1.21,1.74,1,2,3,1,0,1,90'3,"42,76",5,7,2,0,1,0,0,2,0,1,8,13,5,8,3,5,15,9,28,72,1.33,1.38,1.08,1.71,3.75,84,The American Express Community Stadium (Falmer- East Sussex)
Sep 23 2018 - 12:30pm,West Ham United,Chelsea,Mike Dean,6,0,3,1.63,1.58,0,0,0,0,0,0,,,1,8,2,0,1,0,0,2,0,1,6,13,2,7,4,6,11,9,28,72,1.35,1.43,0.73,1.9,2.5,50,London Stadium (London)
Sep 23 2018 - 3:00pm,Arsenal,Everton,Jonathan Moss,6,1.5,1,2.37,1.05,2,0,2,0,0,0,"56,59",,5,9,2,0,1,0,2,0,1,0,7,9,6,7,1,2,17,12,62,38,1.56,1.25,1.3,1.46,3.5,75,Emirates Stadium (London)
Sep 29 2018 - 11:30am,West Ham United,Manchester United,Michael Oliver,7,0.33,2,1.63,1.58,3,1,4,2,2,0,"5,43,74",71,4,9,0,0,1,0,0,0,0,1,8,6,4,5,4,1,12,12,49,51,1.14,1.5,1.13,1.2,2.33,50,London Stadium (London)
Sep 29 2018 - 2:00pm,Arsenal,Watford,Anthony Taylor,7,2,2,2.37,1.21,2,0,2,0,0,0,"81,83",,6,6,2,0,2,0,1,1,1,1,9,13,3,6,6,7,11,17,63,37,1.47,1.4,1.22,1.53,2.84,67,Emirates Stadium (London)
Sep 29 2018 - 2:00pm,Everton,Fulham,Roger East,7,1.33,0.33,1.79,0.26,3,0,3,0,0,0,"56,66,89",,12,1,0,0,3,0,0,0,1,2,13,7,7,0,6,7,13,13,51,49,1.42,1.11,1.68,0.64,3.34,84,Goodison Park (Liverpool)
Sep 29 2018 - 2:00pm,Huddersfield Town,Tottenham Hotspur,Craig Pawson,7,0.33,2.25,0.47,1.74,0,2,2,2,0,2,,"25,34",3,0,2,0,2,0,1,1,0,2,9,11,6,7,3,4,17,16,52,48,1.03,1.46,1.38,1.41,2.17,38,John Smith's Stadium (Huddersfield- West Yorkshire)
Sep 29 2018 - 2:00pm,Manchester City,Brighton & Hove Albion,Lee Mason,7,3,0.33,2.84,0.68,2,0,2,1,1,0,"29,65",,10,3,0,0,3,0,0,0,2,1,22,3,9,2,13,1,4,10,80,20,2.66,0.89,2.75,0.46,3.33,50,Etihad Stadium (Manchester)
Sep 29 2018 - 2:00pm,Newcastle United,Leicester City,Simon Hooper,7,0,1,1.32,1.32,0,2,2,1,0,1,,"30,73",5,9,0,0,0,0,0,0,0,0,6,10,2,6,4,4,11,5,41,59,0.85,1.51,0.73,1.36,3.5,100,St. James' Park (Newcastle upon Tyne)
Sep 29 2018 - 2:00pm,Wolverhampton Wanderers,Southampton,Stuart Attwell,7,1.67,1,1.79,0.84,2,0,2,0,0,0,"79,87",,8,6,3,0,1,0,0,3,0,1,13,11,7,7,6,4,11,7,48,52,1.59,1.2,1.6,1.5,2.5,50,Molineux Stadium (Wolverhampton- West Midlands)
Sep 29 2018 - 4:30pm,Chelsea,Liverpool,Andre Marriner,7,3,3,2.21,2.32,1,1,2,1,1,0,25,89,4,4,0,0,2,0,0,0,1,1,9,13,5,7,4,6,7,9,47,53,2.06,1.61,1.17,1.78,3.34,67,Stamford Bridge (London)
Sep 30 2018 - 3:00pm,Cardiff City,Burnley,Martin Atkinson,7,0.33,0.33,1.05,0.89,1,2,3,0,0,0,60,"51,70",10,2,1,0,3,0,0,1,1,2,15,4,6,3,9,1,11,15,54,46,1.02,1.24,1.94,0.72,2.83,33,Cardiff City Stadium (Cardiff (Caerdydd))
Oct 01 2018 - 7:00pm,AFC Bournemouth,Crystal Palace,Mike Dean,7,2.33,2,1.53,1.53,2,1,3,1,1,0,"5,87",55,3,3,3,0,4,0,1,2,0,4,10,7,6,3,4,4,9,12,44,56,1.47,1.24,1.39,1.04,3,50,Vitality Stadium (Bournemouth- Dorset)
Oct 05 2018 - 7:00pm,Brighton & Hove Albion,West Ham United,Kevin Friend,8,1.33,1,1.21,1.11,1,0,1,1,1,0,25,,2,9,3,0,2,0,1,2,0,2,9,12,5,5,4,7,12,8,35,65,1.24,1.11,1.37,1.86,4,84,The American Express Community Stadium (Falmer- East Sussex)
Oct 06 2018 - 2:00pm,Burnley,Huddersfield Town,Chris Kavanagh,8,1,0.33,1.21,0.37,1,1,2,1,1,0,20,66,1,10,2,0,2,0,0,2,0,2,4,10,4,3,0,7,9,11,31,69,1.15,0.95,0.76,1.32,3.83,67,Turf Moor (Burnley)
Oct 06 2018 - 2:00pm,Crystal Palace,Wolverhampton Wanderers,Michael Oliver,8,0.33,1.33,1.05,1.21,0,1,1,0,0,0,,56,6,3,3,0,4,0,1,2,0,4,9,8,5,3,4,5,11,13,67,33,1.48,1.66,1.48,0.95,1.5,17,Selhurst Park (London)
Oct 06 2018 - 2:00pm,Leicester City,Everton,Andre Marriner,8,2,0.67,1.42,1.05,1,2,3,2,1,1,40,"7,77",2,10,3,1,1,0,2,2,1,0,8,14,3,9,5,5,10,11,51,49,1.37,1.32,0.99,1.92,3.17,67,King Power Stadium (Leicester- Leicestershire)
Oct 06 2018 - 2:00pm,Tottenham Hotspur,Cardiff City,Mike Dean,8,1.5,0.33,2,0.74,1,0,1,1,1,0,8,,6,2,3,0,1,1,0,3,0,2,14,9,8,7,6,2,7,11,75,25,1.89,1.09,2.03,1.37,2.92,67,Wembley Stadium (London)
Oct 06 2018 - 2:00pm,Watford,AFC Bournemouth,Jonathan Moss,8,2.25,1,1.42,0.84,0,4,4,3,0,3,,"14,33,45,47",10,7,4,1,1,0,3,2,0,1,5,11,3,8,2,3,11,9,47,53,1.45,1.31,0.89,1.59,2.88,54,Vicarage Road (Watford)
Oct 06 2018 - 4:30pm,Manchester United,Newcastle United,Anthony Taylor,8,1.33,0.67,1.89,1.05,3,2,5,2,0,2,"70,76,90","7,10",10,6,2,0,2,0,1,1,0,2,16,14,11,9,5,5,16,8,73,27,1.61,0.93,2.36,1.84,1.84,50,Old Trafford (Manchester)
Oct 07 2018 - 11:00am,Fulham,Arsenal,Paul Tierney,8,1.33,2,1.11,1.32,1,5,6,2,1,1,44,"29,49,67,79,90'1",4,2,2,0,0,0,0,2,0,0,13,10,5,8,8,2,11,12,48,52,1.86,1.68,1.53,1.56,3.83,84,Craven Cottage (London)
Oct 07 2018 - 1:15pm,Southampton,Chelsea,Craig Pawson,8,0.67,2.33,1.21,1.58,0,3,3,1,0,1,,"30,57,90'3",4,12,6,0,0,0,1,5,0,0,13,10,7,7,6,3,13,11,34,66,1.45,1.59,1.56,1.74,2.17,50,St. Mary's Stadium (Southampton- Hampshire)
Oct 07 2018 - 3:30pm,Liverpool,Manchester City,Martin Atkinson,8,3,2.33,2.79,2.32,0,0,0,0,0,0,,,2,6,1,0,3,0,0,1,1,2,7,6,3,3,4,3,10,10,49,51,1.93,1.96,0.99,0.91,2.84,17,Anfield (Liverpool)
Oct 20 2018 - 11:30am,Chelsea,Manchester United,Mike Dean,9,2.5,1.5,2.21,1.58,2,2,4,1,1,0,"21,90'6","55,73",5,3,2,0,5,0,2,0,2,3,15,8,7,5,8,3,9,17,62,38,1.84,1.42,1.96,1.14,3.5,75,Stamford Bridge (London)
Oct 20 2018 - 2:00pm,AFC Bournemouth,Southampton,Lee Probert,9,2.5,0.75,1.53,0.84,0,0,0,0,0,0,,,6,4,1,0,2,0,0,1,2,0,8,7,3,5,5,2,11,14,57,43,1.45,1.27,1.15,1.12,3.13,50,Vitality Stadium (Bournemouth- Dorset)
Oct 20 2018 - 2:00pm,Cardiff City,Fulham,Kevin Friend,9,0.25,0.25,1.05,0.26,4,2,6,4,2,2,"15,20,65,87","11,34",4,4,3,0,3,0,1,2,3,0,16,8,6,5,10,3,15,16,40,60,1.25,0.99,1.85,1.15,3.38,50,Cardiff City Stadium (Cardiff (Caerdydd))
Oct 20 2018 - 2:00pm,Manchester City,Burnley,Jonathan Moss,9,3,1,2.84,0.89,5,0,5,1,1,0,"17,54,56,83,90",,10,1,2,0,2,0,1,1,2,0,17,5,11,0,6,5,11,5,69,31,2.68,1.11,2.33,0.48,3.13,50,Etihad Stadium (Manchester)
Oct 20 2018 - 2:00pm,Newcastle United,Brighton & Hove Albion,Andre Marriner,9,0,0.25,1.32,0.68,0,1,1,1,0,1,,29,10,2,0,0,2,0,0,0,1,1,19,7,7,3,12,4,13,17,68,32,0.82,0.78,2.38,0.93,2.5,50,St. James' Park (Newcastle upon Tyne)
Oct 20 2018 - 2:00pm,West Ham United,Tottenham Hotspur,Martin Atkinson,9,1,2.4,1.63,1.74,0,1,1,1,0,1,,44,10,6,3,0,0,0,0,3,0,0,12,7,5,3,7,4,8,10,44,56,1.14,1.45,1.62,0.92,2.4,55,London Stadium (London)
Oct 20 2018 - 2:00pm,Wolverhampton Wanderers,Watford,Lee Mason,9,2,1.33,1.79,1.21,0,2,2,2,0,2,,"20,21",8,2,3,0,1,0,1,2,0,1,8,6,2,4,6,2,23,13,44,56,1.59,1.45,1.06,0.95,2.46,59,Molineux Stadium (Wolverhampton- West Midlands)
Oct 20 2018 - 4:30pm,Huddersfield Town,Liverpool,Michael Oliver,9,0.25,2.5,0.47,2.32,0,1,1,1,0,1,,24,2,4,0,0,2,0,0,0,1,1,8,7,2,3,6,4,9,6,47,53,1.12,1.65,1.06,1,2,38,John Smith's Stadium (Huddersfield- West Yorkshire)
Oct 21 2018 - 3:00pm,Everton,Crystal Palace,Anthony Taylor,9,1.75,1.5,1.79,1.53,2,0,2,0,0,0,"87,89",,10,5,2,0,1,0,1,1,0,1,14,8,5,4,9,4,13,17,59,41,1.48,1.19,1.8,1.12,2.63,63,Goodison Park (Liverpool)
Oct 22 2018 - 7:00pm,Arsenal,Leicester City,Chris Kavanagh,9,2.25,1.5,2.37,1.32,3,1,4,2,1,1,"45,63,66",31,6,4,2,0,2,0,2,0,0,2,18,6,7,3,11,3,10,10,69,31,1.41,1.48,2.13,0.89,3,50,Emirates Stadium (London)
Oct 27 2018 - 2:00pm,Brighton & Hove Albion,Wolverhampton Wanderers,Anthony Taylor,10,1.75,1.75,1.21,1.21,1,0,1,0,0,0,48,,1,10,3,0,0,0,0,3,0,0,7,16,2,8,5,8,11,8,39,61,1.27,1.48,0.82,2.16,2.38,50,The American Express Community Stadium (Falmer- East Sussex)
Oct 27 2018 - 2:00pm,Fulham,AFC Bournemouth,Andre Marriner,10,1,1.5,1.11,0.84,0,3,3,1,0,1,,"14,72,85",5,5,3,1,1,0,1,3,0,1,11,12,2,6,9,6,16,3,52,48,1.78,1.38,1.14,1.67,3.63,50,Craven Cottage (London)
Oct 27 2018 - 2:00pm,Liverpool,Cardiff City,Stuart Attwell,10,2.5,0.25,2.79,0.74,4,1,5,1,1,0,"10,66,84,87",77,8,0,0,0,0,0,0,0,0,0,14,3,8,2,6,1,6,4,79,21,1.69,1.16,2.06,0.53,2,13,Anfield (Liverpool)
Oct 27 2018 - 2:00pm,Southampton,Newcastle United,Chris Kavanagh,10,0.5,0.5,1.21,1.05,0,0,0,0,0,0,,,7,2,0,0,1,0,0,0,0,1,18,5,5,0,13,5,9,12,50,50,1.48,1.15,1.97,0.63,2.25,50,St. Mary's Stadium (Southampton- Hampshire)
Oct 27 2018 - 2:00pm,Watford,Huddersfield Town,Mike Dean,10,1.8,0.5,1.42,0.37,3,0,3,2,2,0,"10,19,80",,3,3,1,0,2,0,0,1,1,1,13,12,7,8,6,4,9,13,48,52,1.34,1.04,1.66,1.6,3.38,80,Vicarage Road (Watford)
Oct 27 2018 - 4:30pm,Leicester City,West Ham United,Michael Oliver,10,1.5,0.75,1.42,1.11,1,1,2,1,0,1,89,30,8,0,1,0,1,1,0,1,1,1,19,10,8,4,11,6,17,5,64,36,1.27,1.3,2.5,1.16,3.13,63,King Power Stadium (Leicester- Leicestershire)
Oct 28 2018 - 1:30pm,Burnley,Chelsea,Craig Pawson,10,1,2.5,1.21,1.58,0,4,4,1,0,1,,"22,57,62,90'2",4,4,4,0,2,0,1,3,2,0,6,18,2,9,4,9,14,10,30,70,1.05,1.62,0.81,2.06,2.63,38,Turf Moor (Burnley)
Oct 28 2018 - 1:30pm,Crystal Palace,Arsenal,Martin Atkinson,10,0.25,2.25,1.05,1.32,2,2,4,1,1,0,"45'1,83","51,56",6,4,1,0,2,0,1,0,0,2,15,6,4,3,11,3,10,16,42,58,1.48,1.65,1.62,0.9,3,50,Selhurst Park (London)
Oct 28 2018 - 4:00pm,Manchester United,Everton,Jonathan Moss,10,1.75,1.25,1.89,1.05,2,1,3,1,1,0,"27,49",77,8,4,2,0,1,0,2,0,1,0,14,14,11,7,3,7,15,12,53,47,1.8,1.47,1.94,1.67,3.25,75,Old Trafford (Manchester)
Oct 29 2018 - 8:00pm,Tottenham Hotspur,Manchester City,Kevin Friend,10,2,2,2,2.32,0,1,1,1,0,1,,6,3,6,2,0,2,0,1,1,0,2,5,9,2,7,3,2,13,13,48,52,1.94,1.7,0.73,1.53,2.46,46,Wembley Stadium (London)
Nov 03 2018 - 12:30pm,AFC Bournemouth,Manchester United,Paul Tierney,11,2.2,1.4,1.53,1.58,1,2,3,2,1,1,11,"35,90'2",9,5,4,0,3,0,0,4,0,3,11,15,8,9,3,6,12,12,48,52,1.39,1.36,1.62,1.95,3.3,70,Vitality Stadium (Bournemouth- Dorset)
Nov 03 2018 - 3:00pm,Cardiff City,Leicester City,Lee Probert,11,0.8,1.2,1.05,1.32,0,1,1,0,0,0,,55,6,12,2,0,2,0,1,1,1,1,11,10,3,6,8,4,13,12,40,60,1.37,1.36,1.34,1.49,3.7,70,Cardiff City Stadium (Cardiff (Caerdydd))
Nov 03 2018 - 3:00pm,Everton,Brighton & Hove Albion,David Coote,11,2,0.8,1.79,0.68,3,1,4,2,1,1,"26,50,77",33,6,4,0,0,1,0,0,0,1,0,13,4,4,4,9,0,9,17,61,39,1.55,0.81,1.67,0.74,2.4,40,Goodison Park (Liverpool)
Nov 03 2018 - 3:00pm,Newcastle United,Watford,Craig Pawson,11,0,1.75,1.32,1.21,1,0,1,0,0,0,65,,8,9,1,0,5,0,0,1,1,4,7,12,3,2,4,10,12,11,41,59,1.14,1.32,0.97,1.33,2.45,55,St. James' Park (Newcastle upon Tyne)
Nov 03 2018 - 3:00pm,West Ham United,Burnley,Roger East,11,0.8,0.8,1.63,0.89,4,2,6,2,1,1,"10,68,84,90'2","45,77",10,4,1,0,4,0,1,0,0,4,17,5,11,4,6,1,7,9,62,38,1.24,0.98,2.39,0.74,2.4,40,London Stadium (London)
Nov 03 2018 - 5:30pm,Arsenal,Liverpool,Andre Marriner,11,2.4,2.6,2.37,2.32,1,1,2,0,0,0,82,61,5,8,1,0,1,0,0,1,0,1,10,10,5,5,5,5,7,7,61,39,1.55,1.52,1.48,1.29,2.5,50,Emirates Stadium (London)
Nov 03 2018 - 7:45pm,Wolverhampton Wanderers,Tottenham Hotspur,Mike Dean,11,1.6,2.5,1.79,1.74,2,3,5,2,0,2,"68,79","27,30,61",5,1,1,0,2,0,1,0,0,2,12,10,8,9,4,1,11,8,48,52,1.48,1.36,1.73,1.52,2.35,45,Molineux Stadium (Wolverhampton- West Midlands)
Nov 04 2018 - 3:00pm,Manchester City,Southampton,Lee Mason,11,3,0.8,2.84,0.84,6,1,7,5,4,1,"6,12,18,45'2,67,90'1",29,4,4,1,0,1,0,1,0,1,0,14,12,9,7,5,5,14,9,67,33,2.61,1.24,2.07,1.56,3,30,Etihad Stadium (Manchester)
Nov 04 2018 - 4:00pm,Chelsea,Crystal Palace,Michael Oliver,11,2.2,1.2,2.21,1.53,3,1,4,1,1,0,"32,65,70",53,4,2,0,0,1,0,0,0,0,1,12,5,7,3,5,2,6,13,73,27,1.86,1.18,1.79,0.76,2.9,60,Stamford Bridge (London)
Nov 05 2018 - 8:00pm,Huddersfield Town,Fulham,Anthony Taylor,11,0.2,0.2,0.47,0.26,1,0,1,1,1,0,29,,5,4,1,0,2,0,0,1,1,1,9,5,3,2,6,3,11,8,45,55,1.1,1.03,1.26,0.66,2.7,30,John Smith's Stadium (Huddersfield- West Yorkshire)
Nov 10 2018 - 12:30pm,Cardiff City,Brighton & Hove Albion,Martin Atkinson,12,0.67,0.67,1.05,0.68,2,1,3,2,1,1,"28,90",6,4,1,2,0,1,1,1,1,1,1,16,6,7,4,9,2,7,21,60,40,1.36,0.8,1.84,0.81,2.83,42,Cardiff City Stadium (Cardiff (Caerdydd))
Nov 10 2018 - 3:00pm,Huddersfield Town,West Ham United,Chris Kavanagh,12,0.67,0.8,0.47,1.11,1,1,2,1,1,0,6,74,5,6,1,0,1,0,1,0,1,0,15,10,8,6,7,4,9,8,43,57,1.13,1.27,1.86,1.45,2.17,30,John Smith's Stadium (Huddersfield- West Yorkshire)
Nov 10 2018 - 3:00pm,Leicester City,Burnley,Mike Dean,12,1.4,0.67,1.42,0.89,0,0,0,0,0,0,,,12,1,2,0,0,0,0,2,0,0,15,5,6,2,9,3,13,10,63,37,1.52,0.94,1.93,0.69,3.15,65,King Power Stadium (Leicester- Leicestershire)
Nov 10 2018 - 3:00pm,Newcastle United,AFC Bournemouth,Lee Probert,12,0.5,1.8,1.32,0.84,2,1,3,3,2,1,"7,39",45'6,7,10,2,0,1,0,1,1,0,1,15,10,7,5,8,5,9,11,39,61,1.11,1.44,1.78,1.41,2.69,35,St. James' Park (Newcastle upon Tyne)
Nov 10 2018 - 3:00pm,Southampton,Watford,Simon Hooper,12,0.6,1.4,1.21,1.21,1,1,2,1,1,0,20,82,7,6,3,0,2,0,1,2,0,2,11,10,5,7,6,3,13,13,42,58,1.57,1.32,1.34,1.49,2.1,40,St. Mary's Stadium (Southampton- Hampshire)
Nov 10 2018 - 5:30pm,Crystal Palace,Tottenham Hotspur,Jonathan Moss,12,0.4,2.57,1.05,1.74,0,1,1,0,0,0,,66,10,6,1,0,1,0,1,0,0,1,11,9,6,3,5,6,12,9,35,65,1.51,1.39,1.51,1.27,2.33,39,Selhurst Park (London)
Nov 11 2018 - 12:00pm,Liverpool,Fulham,Paul Tierney,12,2.6,0.17,2.79,0.26,2,0,2,1,1,0,"41,53",,6,3,1,0,1,0,0,1,0,1,15,8,8,4,7,4,11,9,73,27,1.77,0.96,1.95,1.01,3.05,35,Anfield (Liverpool)
Nov 11 2018 - 2:15pm,Chelsea,Everton,Kevin Friend,12,2.33,1,2.21,1.05,0,0,0,0,0,0,,,5,5,4,0,3,0,3,1,2,1,12,5,5,2,7,3,7,11,68,32,1.85,1.51,1.5,0.61,3.44,82,Stamford Bridge (London)
Nov 11 2018 - 4:30pm,Arsenal,Wolverhampton Wanderers,Stuart Attwell,12,2.17,1.4,2.37,1.21,1,1,2,1,0,1,86,13,11,2,2,0,2,0,0,2,0,2,7,12,4,6,3,6,9,16,71,29,1.54,1.62,1.39,1.4,2.04,35,Emirates Stadium (London)
Nov 11 2018 - 4:30pm,Manchester City,Manchester United,Anthony Taylor,12,3,1.67,2.84,1.58,3,1,4,1,1,0,"12,48,86",58,5,1,1,0,1,0,1,0,1,0,12,3,6,2,6,1,12,12,64,36,2.52,1.46,1.69,0.63,4,67,Etihad Stadium (Manchester)
Nov 24 2018 - 3:00pm,Brighton & Hove Albion,Leicester City,Chris Kavanagh,13,2,1.5,1.21,1.32,1,1,2,1,1,0,15,79,6,1,3,0,2,1,0,3,3,0,12,7,4,4,8,3,10,7,54,46,1.18,1.38,1.44,1.11,2.99,64,The American Express Community Stadium (Falmer- East Sussex)
Nov 24 2018 - 3:00pm,Everton,Cardiff City,Paul Tierney,13,2.17,0.2,1.79,0.74,1,0,1,0,0,0,59,,7,3,0,0,3,0,0,0,1,2,14,6,9,2,5,4,12,13,70,30,1.57,1.03,2.04,0.78,2.8,54,Goodison Park (Liverpool)
Nov 24 2018 - 3:00pm,Fulham,Southampton,Michael Oliver,13,0.8,0.67,1.11,0.84,3,2,5,3,2,1,"33,43,63","18,53",2,5,2,0,3,0,1,1,0,3,9,15,6,9,3,6,10,6,37,63,1.65,1.3,1.28,2.09,3.32,47,Craven Cottage (London)
Nov 24 2018 - 3:00pm,Manchester United,Crystal Palace,Lee Mason,13,2,1,1.89,1.53,0,0,0,0,0,0,,,10,3,1,0,2,0,0,1,2,0,10,12,6,3,4,9,13,12,59,41,1.83,1.11,1.63,1.23,2.85,65,Old Trafford (Manchester)
Nov 24 2018 - 3:00pm,Watford,Liverpool,Jonathan Moss,13,2,2.33,1.42,2.32,0,3,3,0,0,0,,"67,76,89",5,5,0,0,1,1,0,0,0,2,6,11,2,8,4,3,12,13,36,64,1.4,1.48,0.78,1.56,2.59,59,Vicarage Road (Watford)
Nov 24 2018 - 3:00pm,West Ham United,Manchester City,Andre Marriner,13,1.17,2.2,1.63,2.32,0,4,4,3,0,3,,"11,19,34,90'3",8,1,0,0,0,0,0,0,0,0,7,9,2,7,5,2,6,3,30,70,1.43,1.66,0.97,1.42,2.25,35,London Stadium (London)
Nov 24 2018 - 5:30pm,Tottenham Hotspur,Chelsea,Martin Atkinson,13,1.5,2.6,2,1.58,3,1,4,2,2,0,"8,16,54",85,4,4,0,0,3,0,0,0,2,1,16,8,10,3,6,5,19,12,39,61,1.64,1.71,2.07,1.08,2.43,35,Wembley Stadium (London)
Nov 25 2018 - 1:30pm,AFC Bournemouth,Arsenal,Craig Pawson,13,1.83,2,1.53,1.32,1,2,3,2,1,1,45'1,"30,67",5,8,2,0,1,0,0,2,1,0,8,16,6,5,2,11,6,9,41,59,1.43,1.5,1.18,1.88,3.8,84,Vitality Stadium (Bournemouth- Dorset)
Nov 25 2018 - 4:00pm,Wolverhampton Wanderers,Huddersfield Town,Kevin Friend,13,1.33,0.4,1.79,0.37,0,2,2,1,0,1,,"6,74",3,5,1,0,2,0,0,1,1,1,10,11,4,7,6,4,9,8,44,56,1.53,1.15,1.22,1.52,3.14,65,Molineux Stadium (Wolverhampton- West Midlands)
Nov 26 2018 - 8:30pm,Burnley,Newcastle United,Anthony Taylor,13,0.8,0.6,1.21,1.05,1,2,3,3,1,2,40,"4,23",5,5,0,0,1,0,0,0,0,1,13,12,5,4,8,8,6,11,56,44,1.01,1.05,1.52,1.29,2.4,40,Turf Moor (Burnley)
Nov 30 2018 - 8:00pm,Cardiff City,Wolverhampton Wanderers,Andre Marriner,14,1,1.33,1.05,1.21,2,1,3,1,0,1,"65,77",18,7,6,1,0,2,0,0,1,0,2,12,14,4,5,8,9,3,12,47,53,1.43,1.58,1.44,1.61,2.4,45,Cardiff City Stadium (Cardiff (Caerdydd))
Dec 01 2018 - 3:00pm,Crystal Palace,Burnley,Lee Probert,14,0.33,0.71,1.05,0.89,2,0,2,1,1,0,"16,77",,10,2,1,0,1,0,0,1,1,0,21,3,10,0,11,3,9,10,58,42,1.51,0.91,2.61,0.6,2.34,30,Selhurst Park (London)
Dec 01 2018 - 3:00pm,Huddersfield Town,Brighton & Hove Albion,Michael Oliver,14,0.71,0.57,0.47,0.68,1,2,3,2,1,1,1,"45'4,69",2,6,0,1,2,0,1,0,1,1,6,10,3,7,3,3,10,12,32,68,1.23,0.8,0.86,1.5,1.93,29,John Smith's Stadium (Huddersfield- West Yorkshire)
Dec 01 2018 - 3:00pm,Leicester City,Watford,Graham Scott,14,1.33,1.33,1.42,1.21,2,0,2,2,2,0,"12,23",,4,8,2,0,1,1,0,2,0,2,7,7,4,0,3,7,7,6,37,63,1.59,1.35,0.98,0.98,2.25,59,King Power Stadium (Leicester- Leicestershire)
Dec 01 2018 - 3:00pm,Manchester City,AFC Bournemouth,Stuart Attwell,14,3,1.5,2.84,0.84,3,1,4,2,1,1,"16,57,79",44,8,4,0,0,0,0,0,0,0,0,12,4,7,2,5,2,9,3,73,27,2.4,1.43,1.79,0.67,3.8,45,Etihad Stadium (Manchester)
Dec 01 2018 - 3:00pm,Newcastle United,West Ham United,Paul Tierney,14,0.86,0.83,1.32,1.11,0,3,3,1,0,1,,"11,63,90'3",7,3,3,0,3,0,1,2,3,0,12,8,5,5,7,3,10,10,58,42,1.2,1.3,1.56,1.06,2.56,62,St. James' Park (Newcastle upon Tyne)
Dec 01 2018 - 5:30pm,Southampton,Manchester United,Kevin Friend,14,0.67,1.43,1.21,1.58,2,2,4,4,2,2,"13,20","33,39",3,5,4,0,4,0,1,3,2,2,13,10,7,6,6,4,12,13,40,60,1.54,1.34,1.67,1.34,2.79,68,St. Mary's Stadium (Southampton- Hampshire)
Dec 02 2018 - 12:00pm,Chelsea,Fulham,Craig Pawson,14,2.14,0.14,2.21,0.26,2,0,2,1,1,0,"4,82",,4,6,2,0,1,0,0,2,0,1,11,9,10,5,1,4,8,17,66,34,1.8,0.97,1.77,1.23,3.22,57,Stamford Bridge (London)
Dec 02 2018 - 2:05pm,Arsenal,Tottenham Hotspur,Mike Dean,14,2,2.63,2.37,1.74,4,2,6,3,1,2,"10,56,74,77","30,34",8,5,3,0,4,1,1,2,2,3,19,10,8,7,11,3,15,17,59,41,1.52,1.37,2.15,1.4,2.6,54,Emirates Stadium (London)
Dec 02 2018 - 4:15pm,Liverpool,Everton,Chris Kavanagh,14,2.67,1,2.79,1.05,1,0,1,0,0,0,90'6,,8,1,3,0,2,0,1,2,0,2,14,8,4,4,10,4,12,7,57,43,1.8,1.36,1.7,1.07,2.59,42,Anfield (Liverpool)
Dec 04 2018 - 7:45pm,AFC Bournemouth,Huddersfield Town,Roger East,15,1.57,0.83,1.53,0.37,2,1,3,3,2,1,"5,22",38,4,8,4,0,2,0,0,4,0,2,7,17,3,7,4,10,14,11,32,68,1.4,1.21,0.98,2.32,3.17,69,Vitality Stadium (Bournemouth- Dorset)
Dec 04 2018 - 7:45pm,Brighton & Hove Albion,Crystal Palace,Kevin Friend,15,1.83,1,1.21,1.53,3,1,4,3,3,0,"24,31,45'4",81,4,5,2,1,3,0,1,2,1,2,7,14,4,6,3,8,14,12,31,69,1.23,1.12,1,1.88,2.41,55,The American Express Community Stadium (Falmer- East Sussex)
Dec 04 2018 - 7:45pm,West Ham United,Cardiff City,Graham Scott,15,1,0.17,1.63,0.74,3,1,4,0,0,0,"49,54,61",90'5,10,4,1,0,2,0,1,0,1,1,15,8,12,6,3,2,10,10,61,39,1.36,0.99,2.07,1.18,2.52,38,London Stadium (London)
Dec 04 2018 - 8:00pm,Watford,Manchester City,Paul Tierney,15,1.71,2.33,1.42,2.32,1,2,3,1,0,1,85,"40,51",3,11,0,0,1,0,0,0,0,1,10,13,8,8,2,5,4,8,29,71,1.31,1.62,1.46,1.97,2.67,30,Vicarage Road (Watford)
Dec 05 2018 - 7:45pm,Burnley,Liverpool,Stuart Attwell,15,0.67,2.43,1.21,2.32,1,3,4,0,0,0,54,"62,69,90'1",5,9,1,0,0,0,0,1,0,0,10,15,7,13,3,2,10,3,25,75,1.09,1.5,1.4,2.23,2.73,54,Turf Moor (Burnley)
Dec 05 2018 - 7:45pm,Fulham,Leicester City,David Coote,15,1.17,1.43,1.11,1.32,1,1,2,1,1,0,42,74,10,8,0,0,0,0,0,0,0,0,18,12,8,6,10,6,12,7,45,55,1.59,1.34,2.14,1.49,3.5,69,Craven Cottage (London)
Dec 05 2018 - 7:45pm,Wolverhampton Wanderers,Chelsea,Jonathan Moss,15,1.14,2.17,1.79,1.58,2,1,3,1,0,1,"59,63",18,1,5,4,0,4,0,1,3,0,4,6,14,3,4,3,10,18,10,29,71,1.48,1.61,0.84,1.56,2.7,38,Molineux Stadium (Wolverhampton- West Midlands)
Dec 05 2018 - 7:45pm,Everton,Newcastle United,Lee Mason,15,2.29,1,1.79,1.05,1,1,2,2,1,1,38,19,14,2,0,0,5,0,0,0,0,5,12,9,4,6,8,3,7,18,76,24,1.63,1.09,1.78,1.13,2.27,54,Goodison Park (Liverpool)
Dec 05 2018 - 8:00pm,Manchester United,Arsenal,Andre Marriner,15,1.83,2.17,1.89,1.32,2,2,4,2,1,1,"30,69","26,68",4,4,3,0,3,0,3,0,2,1,8,7,8,5,0,2,13,10,44,56,1.79,1.56,1.34,1.12,3.5,84,Old Trafford (Manchester)
Dec 05 2018 - 8:00pm,Tottenham Hotspur,Southampton,Anthony Taylor,15,1.8,0.57,2,0.84,3,1,4,1,1,0,"9,51,55",90'3,8,6,0,0,0,0,0,0,0,0,12,15,9,6,3,9,7,5,52,48,1.72,1.41,1.65,1.78,2.87,52,Wembley Stadium (London)
Dec 08 2018 - 12:30pm,AFC Bournemouth,Liverpool,Lee Mason,16,1.75,2.5,1.53,2.32,0,4,4,1,0,1,,"25,48,68,77",6,6,2,0,1,0,2,0,0,1,6,9,3,5,3,4,9,11,40,60,1.34,1.59,0.88,1.38,2.75,69,Vitality Stadium (Bournemouth- Dorset)
Dec 08 2018 - 3:00pm,Arsenal,Huddersfield Town,Paul Tierney,16,2.13,0.71,2.37,0.37,1,0,1,0,0,0,83,,7,1,5,0,4,0,4,1,3,1,11,6,3,0,8,6,13,20,61,39,1.6,1.37,1.3,0.66,3.15,67,Emirates Stadium (London)
Dec 08 2018 - 3:00pm,Burnley,Brighton & Hove Albion,Martin Atkinson,16,0.57,0.88,1.21,0.68,1,0,1,1,1,0,40,,2,7,2,0,0,0,0,2,0,0,9,14,5,2,4,12,11,11,37,63,1.14,0.89,1.16,1.39,2.9,54,Turf Moor (Burnley)
Dec 08 2018 - 3:00pm,Cardiff City,Southampton,Jonathan Moss,16,1.25,0.5,1.05,0.84,1,0,1,0,0,0,74,,7,7,2,0,2,0,1,1,1,1,13,8,5,2,8,6,9,10,36,64,1.43,1.46,1.54,1.03,3.25,57,Cardiff City Stadium (Cardiff (Caerdydd))
Dec 08 2018 - 3:00pm,Manchester United,Fulham,Lee Probert,16,1.71,0.13,1.89,0.26,4,1,5,3,3,0,"13,28,42,82",67,10,3,1,0,2,1,1,0,1,2,18,9,12,5,6,4,11,15,62,38,1.73,1,2.45,1.24,3,55,Old Trafford (Manchester)
Dec 08 2018 - 3:00pm,West Ham United,Crystal Palace,Anthony Taylor,16,1.25,0.88,1.63,1.53,3,2,5,1,0,1,"48,62,65","6,76",5,3,1,0,2,0,1,0,0,2,12,7,7,5,5,2,10,8,48,52,1.45,1.22,1.71,1.24,2.63,50,London Stadium (London)
Dec 08 2018 - 5:30pm,Chelsea,Manchester City,Michael Oliver,16,2.25,2.43,2.21,2.32,2,0,2,1,1,0,"45,78",,1,13,2,0,0,0,0,2,0,0,7,11,6,5,1,6,12,11,38,62,1.8,1.67,1.01,1.58,2.72,46,Stamford Bridge (London)
Dec 08 2018 - 7:45pm,Leicester City,Tottenham Hotspur,Craig Pawson,16,1.57,2.33,1.42,1.74,0,2,2,1,0,1,,"45'1,58",6,5,3,0,1,0,1,2,1,0,9,7,4,3,5,4,12,7,42,58,1.5,1.37,1.29,0.96,2.65,57,King Power Stadium (Leicester- Leicestershire)
Dec 09 2018 - 4:00pm,Newcastle United,Wolverhampton Wanderers,Mike Dean,16,0.75,1.14,1.32,1.21,1,2,3,2,1,1,23,"17,90'4",4,6,2,1,5,0,1,2,1,4,10,12,5,7,5,5,10,17,50,50,1.25,1.59,1.37,1.59,2.05,47,St. James' Park (Newcastle upon Tyne)
Dec 10 2018 - 8:00pm,Everton,Watford,Kevin Friend,16,2.13,1.14,1.79,1.21,2,2,4,1,1,0,"15,90'6","63,65",6,6,1,0,1,0,1,0,0,1,11,11,6,4,5,7,13,13,56,44,1.65,1.3,1.48,1.37,2.39,53,Goodison Park (Liverpool)
Dec 15 2018 - 12:30pm,Manchester City,Everton,Craig Pawson,17,3,0.86,2.84,1.05,3,1,4,1,1,0,"22,50,69",65,6,2,1,0,2,0,0,1,1,1,10,8,6,3,4,5,7,9,67,33,2.32,1.32,1.51,0.97,3.41,60,Etihad Stadium (Manchester)
Dec 15 2018 - 3:00pm,Crystal Palace,Leicester City,Michael Oliver,17,0.71,1.38,1.05,1.32,1,0,1,1,1,0,39,,4,4,2,0,1,0,1,1,0,1,7,10,2,3,5,7,10,8,43,57,1.67,1.36,0.91,1.27,2.3,45,Selhurst Park (London)
Dec 15 2018 - 3:00pm,Huddersfield Town,Newcastle United,Anthony Taylor,17,0.63,1,0.47,1.05,0,1,1,0,0,0,,55,10,1,1,0,1,0,0,1,1,0,13,8,6,6,7,2,5,13,73,27,1.19,1.1,1.94,1.1,1.75,41,John Smith's Stadium (Huddersfield- West Yorkshire)
Dec 15 2018 - 3:00pm,Tottenham Hotspur,Burnley,Graham Scott,17,2,0.63,2,0.89,1,0,1,0,0,0,90'1,,8,3,0,0,2,0,0,0,0,2,10,3,4,0,6,3,7,8,70,30,1.71,0.87,1.46,0.43,2.86,53,Wembley Stadium (London)
Dec 15 2018 - 3:00pm,Watford,Cardiff City,Andy Madley,17,1.5,0.14,1.42,0.74,3,2,5,1,1,0,"16,52,68","80,82",5,0,0,0,0,0,0,0,0,0,15,8,9,4,6,4,7,5,71,29,1.33,1.02,1.98,1.04,2.79,47,Vicarage Road (Watford)
Dec 15 2018 - 3:00pm,Wolverhampton Wanderers,AFC Bournemouth,Simon Hooper,17,1.38,1.29,1.79,0.84,2,0,2,1,1,0,"12,90'4",,5,3,1,0,2,0,0,1,2,0,8,9,5,4,3,5,15,7,37,63,1.4,1.32,1.11,1.41,2.96,47,Molineux Stadium (Wolverhampton- West Midlands)
Dec 15 2018 - 5:30pm,Fulham,West Ham United,Mike Dean,17,1.14,1.14,1.11,1.11,0,2,2,2,0,2,,"17,29",6,4,2,0,1,0,1,1,1,0,14,6,5,4,9,2,14,10,56,44,1.67,1.27,1.7,0.97,3.29,64,Craven Cottage (London)
Dec 16 2018 - 1:30pm,Brighton & Hove Albion,Chelsea,Stuart Attwell,17,2,1.86,1.21,1.58,1,2,3,2,0,2,66,"17,33",4,1,2,0,2,0,0,2,0,2,6,8,3,4,3,4,14,6,41,59,1.19,1.6,0.88,1.16,2.86,57,The American Express Community Stadium (Falmer- East Sussex)
Dec 16 2018 - 1:30pm,Southampton,Arsenal,Chris Kavanagh,17,0.71,2,1.21,1.32,3,2,5,3,2,1,"20,44,85","28,53",4,5,3,0,1,0,0,3,0,1,9,9,8,5,1,4,12,10,33,67,1.56,1.5,1.35,1.34,3.29,79,St. Mary's Stadium (Southampton- Hampshire)
Dec 16 2018 - 4:00pm,Liverpool,Manchester United,Martin Atkinson,17,2.71,1.38,2.79,1.58,3,1,4,2,1,1,"24,73,80",33,13,2,0,0,2,0,0,0,2,0,23,6,12,3,11,3,6,14,64,36,1.78,1.34,2.99,0.8,2.96,51,Anfield (Liverpool)
Dec 21 2018 - 8:00pm,Wolverhampton Wanderers,Liverpool,Craig Pawson,18,1.56,2.56,1.79,2.32,0,2,2,1,0,1,,"18,68",1,10,0,0,0,0,0,0,0,0,10,11,6,7,4,4,7,3,38,62,1.37,1.56,1.3,1.63,2.62,50,Molineux Stadium (Wolverhampton- West Midlands)
Dec 22 2018 - 12:30pm,Arsenal,Burnley,Kevin Friend,18,2.22,0.56,2.37,0.89,3,1,4,1,1,0,"14,48,90'1",63,1,3,2,0,5,0,1,1,1,4,8,6,7,3,1,3,10,14,60,40,1.57,0.82,1.31,0.93,2.73,45,Emirates Stadium (London)
Dec 22 2018 - 3:00pm,AFC Bournemouth,Brighton & Hove Albion,Mike Dean,18,1.56,0.78,1.53,0.68,2,0,2,1,1,0,"21,77",,6,5,2,0,1,1,2,0,0,2,11,10,4,6,7,4,8,18,57,43,1.29,0.94,1.33,1.33,2.72,56,Vitality Stadium (Bournemouth- Dorset)
Dec 22 2018 - 3:00pm,Chelsea,Leicester City,Lee Probert,18,2.33,1.22,2.21,1.32,0,1,1,0,0,0,,51,9,5,0,0,2,0,0,0,1,1,14,6,6,4,8,2,10,9,72,28,1.71,1.35,2.07,1.04,2.78,62,Stamford Bridge (London)
Dec 22 2018 - 3:00pm,Huddersfield Town,Southampton,Stuart Attwell,18,0.56,0.44,0.47,0.84,1,3,4,2,0,2,58,"15,42,71",8,2,2,0,3,0,1,1,0,3,11,13,6,7,5,6,12,9,62,38,1.27,1.41,1.49,1.53,2.28,33,John Smith's Stadium (Huddersfield- West Yorkshire)
Dec 22 2018 - 3:00pm,Manchester City,Crystal Palace,Andre Marriner,18,3,0.78,2.84,1.53,2,3,5,3,1,2,"27,85","33,35,51",13,0,0,0,4,0,0,0,1,3,15,6,6,4,9,2,7,6,78,22,2.23,1.22,2.25,0.77,3.5,62,Etihad Stadium (Manchester)
Dec 22 2018 - 3:00pm,Newcastle United,Fulham,Martin Atkinson,18,0.67,0.11,1.32,0.26,0,0,0,0,0,0,,,6,0,1,0,2,0,0,1,0,2,6,3,0,3,6,0,9,12,53,47,1.26,1.03,0.87,0.65,2.89,50,St. James' Park (Newcastle upon Tyne)
Dec 22 2018 - 3:00pm,West Ham United,Watford,Lee Mason,18,1.44,1.13,1.63,1.21,0,2,2,1,0,1,,"30,87",10,4,3,0,2,0,1,2,0,2,13,7,8,6,5,1,9,11,51,49,1.48,1.31,1.92,1.28,2.75,53,London Stadium (London)
Dec 22 2018 - 5:30pm,Cardiff City,Manchester United,Michael Oliver,18,1.44,1.22,1.05,1.58,1,5,6,4,1,3,38,"3,29,41,57,90",4,7,2,0,1,0,0,2,1,0,9,14,4,10,5,4,13,13,25,75,1.45,1.28,1.17,1.88,3.34,73,Cardiff City Stadium (Cardiff (Caerdydd))
Dec 23 2018 - 4:00pm,Everton,Tottenham Hotspur,Paul Tierney,18,2,2.4,1.79,1.74,2,6,8,4,1,3,"21,51","27,35,42,48,61,74",2,1,0,0,2,0,0,0,1,1,9,16,4,9,5,7,13,9,41,59,1.63,1.33,1.24,1.83,2.84,59,Goodison Park (Liverpool)
Dec 26 2018 - 12:30pm,Fulham,Wolverhampton Wanderers,Andre Marriner,19,1,1.38,1.11,1.21,1,1,2,0,0,0,74,85,2,0,2,0,1,0,2,0,1,0,11,13,6,6,5,7,9,6,29,71,1.67,1.59,1.34,1.76,2.69,57,Craven Cottage (London)
Dec 26 2018 - 3:00pm,Burnley,Everton,Michael Oliver,19,0.88,0.75,1.21,1.05,1,5,6,4,1,3,36,"2,13,22,71,90'3",5,7,2,0,4,0,2,0,2,2,11,10,5,7,6,3,11,19,49,51,1.14,1.27,1.49,1.41,2.82,57,Turf Moor (Burnley)
Dec 26 2018 - 3:00pm,Crystal Palace,Cardiff City,Lee Probert,19,1,0.13,1.05,0.74,0,0,0,0,0,0,,,12,1,0,0,3,0,0,0,2,1,18,9,6,5,12,4,9,11,62,38,1.57,1.02,2.19,1.21,2.26,32,Selhurst Park (London)
Dec 26 2018 - 3:00pm,Leicester City,Manchester City,Mike Dean,19,1.38,2.13,1.42,2.32,2,1,3,2,1,1,"19,81",14,3,7,2,0,2,1,0,2,0,3,10,9,6,5,4,4,5,8,33,67,1.48,1.66,1.27,1.63,2.32,38,King Power Stadium (Leicester- Leicestershire)
Dec 26 2018 - 3:00pm,Liverpool,Newcastle United,Graham Scott,19,2.75,1.25,2.79,1.05,4,0,4,1,1,0,"11,47,79,85",,10,2,0,0,0,0,0,0,0,0,13,7,9,3,4,4,7,10,75,25,1.93,1.1,1.97,0.87,2.13,38,Anfield (Liverpool)
Dec 26 2018 - 3:00pm,Manchester United,Huddersfield Town,Jonathan Moss,19,1.88,0.63,1.89,0.37,3,1,4,1,1,0,"28,64,78",88,5,3,1,0,1,0,1,0,1,0,13,10,11,3,2,7,9,13,64,36,1.82,1.28,1.96,1.11,3.07,69,Old Trafford (Manchester)
Dec 26 2018 - 3:00pm,Tottenham Hotspur,AFC Bournemouth,Chris Kavanagh,19,2.14,1.13,2,0.84,5,0,5,3,3,0,"16,23,35,61,70",,3,4,2,0,1,0,0,2,1,0,10,11,8,5,2,6,5,8,56,44,1.68,1.33,1.46,1.38,2.85,48,Wembley Stadium (London)
Dec 26 2018 - 5:15pm,Brighton & Hove Albion,Arsenal,Anthony Taylor,19,1.75,1.75,1.21,1.32,1,1,2,2,1,1,35,7,4,9,2,0,1,0,1,1,0,1,12,6,4,5,8,1,10,4,32,68,1.15,1.48,1.35,1.15,3.63,88,The American Express Community Stadium (Falmer- East Sussex)
Dec 26 2018 - 7:30pm,Watford,Chelsea,Martin Atkinson,19,1.67,2,1.42,1.58,1,2,3,2,1,1,45'3,"45'1,58",3,4,1,0,0,0,0,1,0,0,9,10,3,5,6,5,15,5,35,65,1.4,1.55,1.23,1.45,3.05,53,Vicarage Road (Watford)
Dec 27 2018 - 7:45pm,Southampton,West Ham United,Craig Pawson,19,1,1.38,1.21,1.11,1,2,3,0,0,0,50,"53,59",4,6,2,0,0,0,0,2,0,0,9,12,6,6,3,6,10,3,45,55,1.53,1.23,1.29,1.6,2.69,57,St. Mary's Stadium (Southampton- Hampshire)
Dec 29 2018 - 3:00pm,Brighton & Hove Albion,Everton,Andy Madley,20,1.67,1,1.21,1.05,1,0,1,0,0,0,59,,6,6,0,0,2,0,0,0,0,2,7,11,4,5,3,6,10,11,44,56,1.18,1.29,1.09,1.47,2.89,73,The American Express Community Stadium (Falmer- East Sussex)
Dec 29 2018 - 3:00pm,Fulham,Huddersfield Town,Kevin Friend,20,1,0.56,1.11,0.37,1,0,1,0,0,0,90'1,,4,3,3,0,1,0,2,1,0,1,13,7,6,6,7,1,12,10,43,57,1.63,1.26,1.61,1.14,3.22,67,Craven Cottage (London)
Dec 29 2018 - 3:00pm,Leicester City,Cardiff City,Simon Hooper,20,1.56,0.22,1.42,0.74,0,1,1,0,0,0,,90'2,10,4,0,0,2,0,0,0,0,2,11,7,8,4,3,3,14,16,62,38,1.45,1.04,1.62,1.18,2.45,50,King Power Stadium (Leicester- Leicestershire)
Dec 29 2018 - 3:00pm,Tottenham Hotspur,Wolverhampton Wanderers,Stuart Attwell,20,2.25,1.33,2,1.21,1,3,4,1,1,0,22,"72,83,87",6,7,3,0,2,0,2,1,0,2,8,9,4,5,4,4,7,7,60,40,1.65,1.61,1.19,1.33,2.39,53,Wembley Stadium (London)
Dec 29 2018 - 3:00pm,Watford,Newcastle United,Roger East,20,1.5,1.11,1.42,1.05,1,1,2,1,0,1,82,29,3,6,1,0,2,0,1,0,0,2,8,7,6,3,2,4,17,16,62,38,1.38,1.07,1.46,0.97,2.6,52,Vicarage Road (Watford)
Dec 29 2018 - 5:30pm,Liverpool,Arsenal,Michael Oliver,20,2.78,1.67,2.79,1.32,5,1,6,5,4,1,"14,16,32,45'2,65",11,5,3,1,0,2,0,1,0,1,1,14,6,11,3,3,3,8,13,47,53,1.94,1.44,2,0.9,3.39,61,Anfield (Liverpool)
Dec 30 2018 - 12:00pm,Crystal Palace,Chelsea,Craig Pawson,20,1,2.11,1.05,1.58,0,1,1,0,0,0,,51,3,4,0,0,1,0,0,0,1,0,3,9,0,5,3,4,11,8,34,66,1.64,1.54,0.46,1.57,2.17,34,Selhurst Park (London)
Dec 30 2018 - 2:15pm,Burnley,West Ham United,David Coote,20,0.78,1.56,1.21,1.11,2,0,2,2,2,0,"15,34",,5,5,1,0,4,0,1,0,2,2,15,7,6,5,9,2,15,11,43,57,1.18,1.27,1.77,1.17,3.06,56,Turf Moor (Burnley)
Dec 30 2018 - 2:15pm,Southampton,Manchester City,Paul Tierney,20,0.89,1.89,1.21,2.32,1,3,4,4,1,3,37,"10,45,45'3",3,8,2,1,3,0,0,3,1,2,6,11,5,7,1,4,11,10,23,77,1.5,1.66,0.87,1.74,2.56,50,St. Mary's Stadium (Southampton- Hampshire)
Dec 30 2018 - 4:30pm,Manchester United,AFC Bournemouth,Lee Mason,20,2,1,1.89,0.84,4,1,5,4,3,1,"5,33,45,72",45'2,4,5,2,1,0,0,1,2,0,0,9,6,9,4,0,2,10,7,64,36,1.83,1.34,1.58,1,3.28,56,Old Trafford (Manchester)
Jan 01 2019 - 12:30pm,Everton,Leicester City,Martin Atkinson,21,1.8,1.4,1.79,1.32,0,1,1,0,0,0,,58,6,5,3,0,1,0,0,3,0,1,10,8,3,5,7,3,5,8,59,41,1.6,1.32,1.52,1.19,2.9,65,Goodison Park (Liverpool)
Jan 01 2019 - 3:00pm,Arsenal,Fulham,Graham Scott,21,2.3,0.2,2.37,0.26,4,1,5,1,1,0,"25,55,79,83",69,8,3,0,0,1,0,0,0,0,1,14,9,10,5,4,4,7,12,59,41,1.54,0.99,2.14,1.17,2.95,50,Emirates Stadium (London)
Jan 01 2019 - 5:30pm,Cardiff City,Tottenham Hotspur,Kevin Friend,21,1.3,2.45,1.05,1.74,0,3,3,3,0,3,,"3,12,26",5,3,1,0,0,0,0,1,0,0,6,11,4,5,2,6,6,6,26,74,1.42,1.38,0.92,1.32,3.33,58,Cardiff City Stadium (Cardiff (Caerdydd))
Jan 02 2019 - 7:45pm,Chelsea,Southampton,Jonathan Moss,21,2.1,0.7,2.21,0.84,0,0,0,0,0,0,,,7,2,1,0,2,0,0,1,1,1,9,6,7,3,2,3,8,11,71,29,1.74,1.42,1.56,0.95,2.9,50,Stamford Bridge (London)
Jan 02 2019 - 7:45pm,Huddersfield Town,Burnley,Mike Dean,21,0.5,0.5,0.47,0.89,1,2,3,2,1,1,33,"40,74",5,2,1,1,4,1,2,0,2,3,6,16,3,9,3,7,11,9,42,58,1.29,0.83,0.87,2.08,2.3,35,John Smith's Stadium (Huddersfield- West Yorkshire)
Jan 02 2019 - 7:45pm,West Ham United,Brighton & Hove Albion,Chris Kavanagh,21,1.3,0.7,1.63,0.68,2,2,4,0,0,0,"66,68","56,58",1,5,0,0,1,0,0,0,0,1,13,9,7,7,6,2,9,11,54,46,1.52,0.98,1.61,1.35,2.65,45,London Stadium (London)
Jan 02 2019 - 7:45pm,Wolverhampton Wanderers,Crystal Palace,Roger East,21,1.4,1,1.79,1.53,0,2,2,0,0,0,,"83,90'5",3,10,4,0,1,0,2,2,0,1,7,11,2,5,5,6,9,7,51,49,1.36,1.18,0.92,1.54,2.7,50,Molineux Stadium (Wolverhampton- West Midlands)
Jan 02 2019 - 8:00pm,AFC Bournemouth,Watford,David Coote,21,1.7,1.33,1.53,1.21,3,3,6,6,3,3,"34,37,40","14,27,38",4,2,1,0,4,0,0,1,2,2,21,10,13,4,8,6,9,15,57,43,1.3,1.3,2.58,1.18,2.67,52,Vitality Stadium (Bournemouth- Dorset)
Jan 02 2019 - 8:00pm,Newcastle United,Manchester United,Andre Marriner,21,0.7,1.4,1.32,1.58,0,2,2,0,0,0,,"64,80",1,2,1,0,2,0,1,0,0,2,12,14,4,8,8,6,10,9,34,66,1.22,1.34,1.29,1.77,3.05,70,St. James' Park (Newcastle upon Tyne)
Jan 03 2019 - 8:00pm,Manchester City,Liverpool,Anthony Taylor,21,2.7,2.6,2.84,2.32,2,1,3,1,1,0,"40,72",64,2,1,4,0,2,0,2,2,2,0,9,8,5,6,4,2,12,7,49,51,2.23,1.57,1.27,1.2,3.5,60,Etihad Stadium (Manchester)
Jan 12 2019 - 12:30pm,West Ham United,Arsenal,Jonathan Moss,22,1.27,1.5,1.63,1.32,1,0,1,0,0,0,48,,7,3,0,0,2,0,0,0,0,2,11,11,4,3,7,8,7,10,41,59,1.53,1.39,1.37,1.2,3.7,78,London Stadium (London)
Jan 12 2019 - 3:00pm,Brighton & Hove Albion,Liverpool,Kevin Friend,22,1.8,2.36,1.21,2.32,0,1,1,0,0,0,,50,2,7,0,0,0,0,0,0,0,0,6,9,0,4,6,5,15,5,29,71,1.17,1.54,0.61,1.29,2.62,63,The American Express Community Stadium (Falmer- East Sussex)
Jan 12 2019 - 3:00pm,Burnley,Fulham,Martin Atkinson,22,1,0.18,1.21,0.26,2,1,3,3,2,1,"20,23",2,2,6,1,0,2,0,0,1,1,1,7,9,2,5,5,4,5,9,41,59,1.24,1.01,0.87,1.37,3.19,48,Turf Moor (Burnley)
Jan 12 2019 - 3:00pm,Cardiff City,Huddersfield Town,Lee Mason,22,1.18,0.5,1.05,0.37,0,0,0,0,0,0,,,3,10,3,0,1,0,1,2,1,0,0,7,0,3,0,4,12,14,38,62,1.37,1.25,0.32,1.05,3.09,58,Cardiff City Stadium (Cardiff (Caerdydd))
Jan 12 2019 - 3:00pm,Crystal Palace,Watford,Paul Tierney,22,0.9,1.3,1.05,1.21,1,2,3,1,1,0,38,"67,74",7,7,1,0,4,0,0,1,0,4,13,12,7,3,6,9,11,11,55,45,1.52,1.29,1.9,1.37,2.05,30,Selhurst Park (London)
Jan 12 2019 - 3:00pm,Leicester City,Southampton,Michael Oliver,22,1.4,0.73,1.42,0.84,1,2,3,2,0,2,58,"11,45'2",10,3,2,0,2,1,2,0,2,1,15,7,7,4,8,3,7,9,71,29,1.47,1.38,2.24,0.89,2.51,48,King Power Stadium (Leicester- Leicestershire)
Jan 12 2019 - 5:30pm,Chelsea,Newcastle United,Chris Kavanagh,22,2,1.1,2.21,1.05,2,1,3,2,1,1,"9,57",40,8,5,1,0,1,0,0,1,1,0,9,9,7,3,2,6,6,13,65,35,1.73,1.06,1.53,1.01,2.23,48,Stamford Bridge (London)
Jan 13 2019 - 2:15pm,Everton,AFC Bournemouth,Anthony Taylor,22,1.64,0.9,1.79,0.84,2,0,2,0,0,0,"61,90'5",,5,9,5,0,0,0,1,4,0,0,12,15,4,8,8,7,17,8,50,50,1.59,1.3,1.41,1.98,3.3,52,Goodison Park (Liverpool)
Jan 13 2019 - 4:30pm,Tottenham Hotspur,Manchester United,Mike Dean,22,2,1.55,2,1.58,0,1,1,1,0,1,,44,7,4,1,0,2,0,0,1,0,2,18,12,12,9,6,3,8,8,61,39,1.6,1.38,2.43,1.64,3.37,69,Wembley Stadium (London)
Jan 14 2019 - 8:00pm,Manchester City,Wolverhampton Wanderers,Craig Pawson,22,2.73,1.5,2.84,1.21,3,0,3,2,2,0,"10,39,78",,12,1,1,0,0,1,1,0,1,0,17,2,10,0,7,2,6,3,76,24,2.15,1.58,2.68,0.2,3.19,67,Etihad Stadium (Manchester)
Jan 19 2019 - 12:30pm,Wolverhampton Wanderers,Leicester City,Chris Kavanagh,23,1.27,1.55,1.79,1.32,4,3,7,2,2,0,"4,12,64,90'3","47,51,87",5,9,3,0,3,0,2,1,2,1,11,12,8,7,3,5,11,10,45,55,1.32,1.31,1.5,1.79,2.41,46,Molineux Stadium (Wolverhampton- West Midlands)
Jan 19 2019 - 3:00pm,AFC Bournemouth,West Ham United,Simon Hooper,23,1.64,1.4,1.53,1.11,2,0,2,0,0,0,"53,90'1",,2,3,0,0,1,0,0,0,1,0,10,8,5,2,5,6,6,10,38,62,1.41,1.26,1.42,1.1,2.99,57,Vitality Stadium (Bournemouth- Dorset)
Jan 19 2019 - 3:00pm,Liverpool,Crystal Palace,Jonathan Moss,23,2.8,1.18,2.79,1.53,4,3,7,1,0,1,"46,53,75,90'3","34,65,90'5",8,3,1,1,1,0,0,2,1,0,17,7,10,4,7,3,6,8,70,30,1.94,1.21,2.49,0.9,2.91,43,Anfield (Liverpool)
Jan 19 2019 - 3:00pm,Manchester United,Brighton & Hove Albion,Paul Tierney,23,2.1,0.73,1.89,0.68,2,1,3,2,2,0,"27,42",72,6,5,1,0,0,0,0,1,0,0,15,7,6,4,9,3,11,11,56,44,1.81,1.02,1.71,1.04,2.93,63,Old Trafford (Manchester)
Jan 19 2019 - 3:00pm,Newcastle United,Cardiff City,Stuart Attwell,23,0.64,0.5,1.32,0.74,3,0,3,1,1,0,"24,63,90'3",,7,10,0,0,1,0,0,0,0,1,12,7,7,2,5,5,11,6,53,47,1.23,1.06,1.65,0.98,2.29,43,St. James' Park (Newcastle upon Tyne)
Jan 19 2019 - 3:00pm,Southampton,Everton,Graham Scott,23,0.8,0.9,1.21,1.05,2,1,3,0,0,0,"50,64",90'1,7,6,2,0,1,0,0,2,0,1,9,4,5,3,4,1,12,11,39,61,1.44,1.31,1.24,0.93,2.8,65,St. Mary's Stadium (Southampton- Hampshire)
Jan 19 2019 - 3:00pm,Watford,Burnley,Michael Oliver,23,1.45,0.73,1.42,0.89,0,0,0,0,0,0,,,1,7,1,0,2,0,0,1,0,2,8,11,5,4,3,7,14,9,54,46,1.39,0.94,1.15,1.41,2.96,55,Vicarage Road (Watford)
Jan 19 2019 - 5:30pm,Arsenal,Chelsea,Anthony Taylor,23,2.36,2.2,2.37,1.58,2,0,2,2,2,0,"14,39",,5,6,0,0,2,0,0,0,1,1,13,11,6,2,7,9,13,15,35,65,1.59,1.54,1.64,1.52,2.9,57,Emirates Stadium (London)
Jan 20 2019 - 1:30pm,Huddersfield Town,Manchester City,Andre Marriner,23,0.45,2,0.47,2.32,0,3,3,1,0,1,,"18,54,56",1,4,2,0,2,0,2,0,1,1,6,11,3,5,3,6,10,9,32,68,1.25,1.67,0.85,1.36,2.26,38,John Smith's Stadium (Huddersfield- West Yorkshire)
Jan 20 2019 - 4:00pm,Fulham,Tottenham Hotspur,Craig Pawson,23,1.2,2.5,1.11,1.74,1,2,3,1,1,0,17,"51,90'3",7,10,2,0,3,0,0,2,0,3,10,12,5,6,5,6,10,8,26,74,1.63,1.37,1.17,1.79,3.22,55,Craven Cottage (London)
Jan 29 2019 - 7:45pm,Arsenal,Cardiff City,Mike Dean,24,2.42,0.45,2.37,0.74,2,1,3,0,0,0,"66,83",90'3,4,7,3,0,3,0,2,1,1,2,10,12,5,3,5,9,14,12,70,30,1.6,1.05,1.5,1.29,2.73,47,Emirates Stadium (London)
Jan 29 2019 - 7:45pm,Fulham,Brighton & Hove Albion,Lee Probert,24,1.09,0.67,1.11,0.68,4,2,6,2,0,2,"47,58,74,79","3,17",10,1,2,0,3,0,1,1,2,1,18,11,9,7,9,4,10,5,61,39,1.59,1.02,2.35,1.58,2.8,57,Craven Cottage (London)
Jan 29 2019 - 7:45pm,Huddersfield Town,Everton,Stuart Attwell,24,0.42,0.82,0.47,1.05,0,1,1,1,0,1,,3,3,4,1,0,4,1,0,1,2,3,9,10,3,6,6,4,13,10,58,42,1.22,1.27,1.22,1.24,2.41,49,John Smith's Stadium (Huddersfield- West Yorkshire)
Jan 29 2019 - 7:45pm,Wolverhampton Wanderers,West Ham United,David Coote,24,1.42,1.27,1.79,1.11,3,0,3,0,0,0,"66,80,86",,5,1,4,0,1,0,1,3,1,0,14,4,10,0,4,4,8,10,54,46,1.34,1.25,1.97,0.56,2.74,44,Molineux Stadium (Wolverhampton- West Midlands)
Jan 29 2019 - 8:00pm,Manchester United,Burnley,Jonathan Moss,24,2.18,0.75,1.89,0.89,2,2,4,0,0,0,"87,90'2","51,81",11,3,1,0,3,0,0,1,0,3,21,5,10,5,11,0,10,9,74,26,1.8,0.98,2.76,0.86,2.97,62,Old Trafford (Manchester)
Jan 29 2019 - 8:00pm,Newcastle United,Manchester City,Paul Tierney,24,0.83,2.09,1.32,2.32,2,1,3,1,0,1,"66,80",1,1,8,2,0,3,0,0,2,2,1,6,8,3,5,3,3,9,7,23,77,1.26,1.64,0.76,1.45,2.45,39,St. James' Park (Newcastle upon Tyne)
Jan 30 2019 - 7:45pm,AFC Bournemouth,Chelsea,Roger East,24,1.75,2,1.53,1.58,4,0,4,0,0,0,"47,63,74,90'5",,3,7,1,0,0,0,0,1,0,0,10,10,8,8,2,2,8,6,32,68,1.41,1.54,1.36,1.89,2.91,52,Vitality Stadium (Bournemouth- Dorset)
Jan 30 2019 - 7:45pm,Southampton,Crystal Palace,Andre Marriner,24,1,1.08,1.21,1.53,1,1,2,1,0,1,77,41,3,8,2,0,3,1,1,1,1,3,10,13,5,4,5,9,11,8,58,42,1.42,1.18,1.47,1.42,3,66,St. Mary's Stadium (Southampton- Hampshire)
Jan 30 2019 - 8:00pm,Liverpool,Leicester City,Martin Atkinson,24,2.82,1.42,2.79,1.32,1,1,2,2,1,1,3,45'2,7,1,1,0,3,0,1,0,1,2,9,5,4,3,5,2,13,6,72,28,1.99,1.35,1.51,0.79,3.06,47,Anfield (Liverpool)
Jan 30 2019 - 8:00pm,Tottenham Hotspur,Watford,Graham Scott,24,1.8,1.45,2,1.21,2,1,3,1,0,1,"80,87",38,9,5,0,0,4,0,0,0,0,4,10,7,4,2,6,5,6,9,68,32,1.68,1.3,1.54,0.82,2.77,53,Wembley Stadium (London)
Feb 02 2019 - 12:30pm,Tottenham Hotspur,Newcastle United,Andre Marriner,25,1.91,1,2,1.05,1,0,1,0,0,0,83,,6,3,0,0,1,0,0,0,0,1,13,6,5,3,8,3,6,6,71,29,1.67,1.06,1.86,0.78,2.46,55,Wembley Stadium (London)
Feb 02 2019 - 3:00pm,Brighton & Hove Albion,Watford,Simon Hooper,25,1.64,1.33,1.21,1.21,0,0,0,0,0,0,,,7,0,1,0,0,0,1,0,0,0,18,6,5,0,13,6,15,10,55,45,1.12,1.26,2.1,0.63,2.6,61,The American Express Community Stadium (Falmer- East Sussex)
Feb 02 2019 - 3:00pm,Burnley,Southampton,Anthony Taylor,25,1.18,0.92,1.21,0.84,1,1,2,0,0,0,90'4,55,4,2,3,0,1,0,2,1,0,1,10,8,7,5,3,3,10,9,54,46,1.2,1.34,1.61,1.14,3.01,53,Turf Moor (Burnley)
Feb 02 2019 - 3:00pm,Chelsea,Huddersfield Town,Paul Tierney,25,2.08,0.55,2.21,0.37,5,0,5,2,2,0,"16,45'1,66,69,86",,11,2,0,0,0,0,0,0,0,0,16,4,8,3,8,1,8,5,65,35,1.71,1.23,2.14,0.76,2.57,53,Stamford Bridge (London)
Feb 02 2019 - 3:00pm,Crystal Palace,Fulham,Michael Oliver,25,0.82,0.17,1.05,0.26,2,0,2,1,1,0,"25,87",,11,1,2,0,3,0,1,1,2,1,12,8,7,0,5,8,9,12,37,63,1.56,1.04,1.61,0.88,2.36,34,Selhurst Park (London)
Feb 02 2019 - 3:00pm,Everton,Wolverhampton Wanderers,Lee Mason,25,1.75,1.36,1.79,1.21,1,3,4,3,1,2,27,"7,45,66",3,1,3,0,1,0,2,1,0,1,7,7,5,5,2,2,12,14,64,36,1.57,1.45,1.19,1.01,2.59,57,Goodison Park (Liverpool)
Feb 02 2019 - 5:30pm,Cardiff City,AFC Bournemouth,Jonathan Moss,25,1.17,0.82,1.05,0.84,2,0,2,1,1,0,"5,46",,6,7,1,0,2,0,0,1,0,2,6,8,6,3,0,5,17,14,26,74,1.28,1.37,1.07,1.2,3.18,43,Cardiff City Stadium (Cardiff (Caerdydd))
Feb 03 2019 - 2:05pm,Leicester City,Manchester United,Mike Dean,25,1.27,1.67,1.42,1.58,0,1,1,1,0,1,,9,7,2,4,0,4,0,2,2,2,2,15,9,7,7,8,2,14,9,44,56,1.54,1.4,1.9,1.42,2.89,65,King Power Stadium (Leicester- Leicestershire)
Feb 03 2019 - 4:30pm,Manchester City,Arsenal,Martin Atkinson,25,2.75,1.36,2.84,1.32,3,1,4,3,2,1,"1,44,61",11,4,2,1,0,1,0,0,1,1,0,16,3,13,3,3,0,11,8,58,42,2.19,1.37,2.42,0.55,4.09,79,Etihad Stadium (Manchester)
Feb 04 2019 - 8:00pm,West Ham United,Liverpool,Kevin Friend,25,1.42,2.42,1.63,2.32,1,1,2,2,1,1,28,22,2,5,1,0,1,0,0,1,0,1,10,10,3,7,7,3,9,11,26,74,1.52,1.52,1.09,1.59,2.71,50,London Stadium (London)
Feb 06 2019 - 7:45pm,Everton,Manchester City,Craig Pawson,27,1.62,1.92,1.79,2.32,0,2,2,1,0,1,,"45'2,90'7",5,6,1,0,1,0,0,1,0,1,2,9,2,5,0,4,12,6,38,62,1.54,1.62,0.77,1.43,2.88,52,Goodison Park (Liverpool)
Feb 09 2019 - 12:30pm,Fulham,Manchester United,Paul Tierney,26,1.25,1.77,1.11,1.58,0,3,3,2,0,2,,"14,23,65",5,4,3,0,2,0,2,1,1,1,11,12,4,8,7,4,14,9,51,49,1.65,1.4,1.42,1.79,3.32,68,Craven Cottage (London)
Feb 09 2019 - 3:00pm,Crystal Palace,West Ham United,Craig Pawson,26,1,1.17,1.05,1.11,1,1,2,1,0,1,76,27,10,4,3,0,0,0,3,0,0,0,16,5,6,5,10,0,12,9,57,43,1.56,1.19,1.98,1.07,2.13,30,Selhurst Park (London)
Feb 09 2019 - 3:00pm,Huddersfield Town,Arsenal,Jonathan Moss,26,0.38,1.25,0.47,1.32,1,2,3,2,0,2,90'3,"16,44",5,0,3,0,2,0,1,2,0,2,14,9,8,5,6,4,17,12,54,46,1.22,1.3,1.92,1.09,2.96,62,John Smith's Stadium (Huddersfield- West Yorkshire)
Feb 09 2019 - 3:00pm,Liverpool,AFC Bournemouth,Anthony Taylor,26,2.67,0.75,2.79,0.84,3,0,3,2,2,0,"24,34,48",,8,5,2,0,2,0,0,2,2,0,16,8,10,3,6,5,14,6,65,35,1.95,1.35,2.29,1,3.25,38,Anfield (Liverpool)
Feb 09 2019 - 3:00pm,Southampton,Cardiff City,Martin Atkinson,26,1,0.42,1.21,0.74,1,2,3,0,0,0,90'1,"69,90'3",8,2,3,0,3,0,1,2,0,3,13,7,8,4,5,3,15,12,66,34,1.43,1.07,1.86,1.01,2.63,59,St. Mary's Stadium (Southampton- Hampshire)
Feb 09 2019 - 3:00pm,Watford,Everton,Lee Probert,26,1.42,1,1.42,1.05,1,0,1,0,0,0,65,,8,2,2,0,1,1,0,2,0,2,6,9,3,5,3,4,21,10,44,56,1.37,1.27,0.96,1.29,2.75,58,Vicarage Road (Watford)
Feb 09 2019 - 5:30pm,Brighton & Hove Albion,Burnley,Stuart Attwell,26,1.58,0.77,1.21,0.89,1,3,4,1,0,1,76,"26,61,74",9,3,1,0,1,0,0,1,0,1,11,8,7,6,4,2,8,7,68,32,1.2,0.97,1.81,1.14,2.47,52,The American Express Community Stadium (Falmer- East Sussex)
Feb 10 2019 - 1:30pm,Tottenham Hotspur,Leicester City,Michael Oliver,26,2,1.38,2,1.32,3,1,4,1,1,0,"33,63,90'1",76,2,9,3,0,1,0,3,0,0,1,8,19,6,10,2,9,11,4,53,47,1.68,1.31,1.21,2.32,2.68,56,Wembley Stadium (London)
Feb 10 2019 - 4:00pm,Manchester City,Chelsea,Mike Dean,26,2.77,1.83,2.84,1.58,6,0,6,4,4,0,"4,13,19,25,56,80",,2,2,1,0,2,0,0,1,0,2,15,8,10,5,5,3,9,13,55,45,2.21,1.57,1.98,1.24,3.45,56,Etihad Stadium (Manchester)
Feb 11 2019 - 8:00pm,Wolverhampton Wanderers,Newcastle United,Graham Scott,26,1.54,0.92,1.79,1.05,1,1,2,0,0,0,90'5,56,13,1,1,0,3,0,0,1,1,2,15,6,7,4,8,2,7,9,59,41,1.39,1.03,1.96,0.85,2.43,44,Molineux Stadium (Wolverhampton- West Midlands)
Feb 22 2019 - 7:45pm,Cardiff City,Watford,Simon Hooper,27,1.31,1.31,1.05,1.21,1,5,6,1,0,1,82,"18,61,63,73,90'1",3,3,1,0,2,0,0,1,1,1,12,12,7,8,5,4,10,11,35,65,1.27,1.21,1.57,1.62,2.73,50,Cardiff City Stadium (Cardiff (Caerdydd))
Feb 22 2019 - 7:45pm,West Ham United,Fulham,Lee Mason,27,1.38,0.15,1.63,0.26,3,1,4,3,2,1,"29,40,90'1",3,12,0,1,0,1,0,0,1,1,0,17,8,8,6,9,2,11,11,55,45,1.49,1.03,2.15,1.15,2.97,50,London Stadium (London)
Feb 23 2019 - 12:30pm,Burnley,Tottenham Hotspur,Mike Dean,27,1.17,2.54,1.21,1.74,2,1,3,0,0,0,"57,83",65,7,6,1,0,3,0,0,1,0,3,8,12,5,7,3,5,9,12,30,70,1.24,1.41,1.28,1.75,3.2,56,Turf Moor (Burnley)
Feb 23 2019 - 3:00pm,AFC Bournemouth,Wolverhampton Wanderers,Roger East,27,1.85,1.5,1.53,1.21,1,1,2,1,1,0,14,83,9,8,4,0,5,0,1,3,2,3,9,8,4,3,5,5,10,15,44,56,1.41,1.42,1.29,1.11,2.78,56,Vitality Stadium (Bournemouth- Dorset)
Feb 23 2019 - 3:00pm,Newcastle United,Huddersfield Town,Kevin Friend,27,1,0.5,1.32,0.37,2,0,2,0,0,0,"46,52",,12,0,2,0,0,1,1,1,1,0,24,2,13,0,11,2,11,7,54,46,1.22,1.19,2.99,0.37,2.57,48,St. James' Park (Newcastle upon Tyne)
Feb 23 2019 - 5:30pm,Leicester City,Crystal Palace,Anthony Taylor,27,1.17,1.08,1.42,1.53,1,4,5,1,0,1,64,"40,70,81,90'3",8,3,2,0,1,0,1,1,0,1,16,8,6,6,10,2,7,14,65,35,1.57,1.2,2.06,1.15,2.63,56,King Power Stadium (Leicester- Leicestershire)
Feb 24 2019 - 2:05pm,Arsenal,Southampton,Graham Scott,27,2.46,0.92,2.37,0.84,2,0,2,2,2,0,"6,17",,6,4,0,0,0,0,0,0,0,0,9,8,5,5,4,3,7,14,62,38,1.59,1.32,1.4,1.28,2.89,58,Emirates Stadium (London)
Feb 24 2019 - 2:05pm,Manchester United,Liverpool,Michael Oliver,27,2.08,2.31,1.89,2.32,0,0,0,0,0,0,,,3,7,1,0,3,0,0,1,1,2,5,6,4,2,1,4,15,17,35,65,1.88,1.52,0.76,1.07,2.94,69,Old Trafford (Manchester)
Feb 26 2019 - 7:45pm,Cardiff City,Everton,Kevin Friend,28,1.21,0.92,1.05,1.05,0,3,3,1,0,1,,"41,66,90'3",3,4,3,0,1,0,2,1,0,1,6,10,0,5,6,5,12,12,32,68,1.29,1.27,0.85,1.35,2.84,52,Cardiff City Stadium (Cardiff (Caerdydd))
Feb 26 2019 - 7:45pm,Huddersfield Town,Wolverhampton Wanderers,David Coote,28,0.36,1.46,0.47,1.21,1,0,1,0,0,0,90'1,,3,5,2,0,2,0,1,1,1,1,13,6,4,0,9,6,10,10,49,51,1.27,1.39,1.44,0.77,2.16,49,John Smith's Stadium (Huddersfield- West Yorkshire)
Feb 26 2019 - 7:45pm,Leicester City,Brighton & Hove Albion,Lee Probert,28,1.08,0.62,1.42,0.68,2,1,3,1,1,0,"10,63",66,4,8,1,0,1,0,0,1,1,0,13,13,4,4,9,9,6,4,49,51,1.61,1.06,1.44,1.58,2.58,54,King Power Stadium (Leicester- Leicestershire)
Feb 26 2019 - 8:00pm,Newcastle United,Burnley,Craig Pawson,28,1.14,0.93,1.32,0.89,2,0,2,2,2,0,"24,38",,4,7,1,0,3,0,1,0,1,2,13,9,4,3,9,6,8,8,54,46,1.35,0.98,1.36,1.21,2.54,47,St. James' Park (Newcastle upon Tyne)
Feb 27 2019 - 7:45pm,Arsenal,AFC Bournemouth,Chris Kavanagh,28,2.5,0.69,2.37,0.84,5,1,6,3,2,1,"4,27,47,59,78",30,9,4,2,0,2,0,1,1,1,1,12,9,8,6,4,3,11,9,64,36,1.58,1.33,1.82,1.25,3.08,44,Emirates Stadium (London)
Feb 27 2019 - 7:45pm,Southampton,Fulham,Anthony Taylor,28,0.92,0.14,1.21,0.26,2,0,2,2,2,0,"23,40",,7,4,0,0,1,0,0,0,0,1,12,9,5,5,7,4,15,13,40,60,1.46,1.04,1.49,1.19,2.96,64,St. Mary's Stadium (Southampton- Hampshire)
Feb 27 2019 - 8:00pm,Crystal Palace,Manchester United,Martin Atkinson,28,1,1.86,1.05,1.58,1,3,4,1,0,1,66,"33,52,83",5,6,2,0,3,0,1,1,0,3,14,10,3,5,11,5,8,9,45,55,1.59,1.43,1.48,1.32,2.46,44,Selhurst Park (London)
Feb 27 2019 - 8:00pm,Chelsea,Tottenham Hotspur,Andre Marriner,28,2.15,2.36,2.21,1.74,2,0,2,0,0,0,"57,84",,2,2,1,0,1,0,0,1,0,1,10,6,2,0,8,6,7,14,46,54,1.74,1.43,1.05,0.82,2.99,52,Stamford Bridge (London)
Feb 27 2019 - 8:00pm,Liverpool,Watford,Graham Scott,28,2.69,1.43,2.79,1.21,5,0,5,2,2,0,"9,20,66,79,82",,6,4,0,0,2,0,0,0,0,2,15,5,11,4,4,1,5,7,61,39,1.98,1.24,2.31,0.83,3.01,48,Anfield (Liverpool)
Feb 27 2019 - 8:00pm,Manchester City,West Ham United,Stuart Attwell,28,2.79,1.15,2.84,1.11,1,0,1,0,0,0,59,,13,2,0,0,2,0,0,0,1,1,18,3,8,2,10,1,2,6,75,25,2.19,1.18,2.51,0.48,3.46,55,Etihad Stadium (Manchester)
Mar 02 2019 - 12:30pm,Tottenham Hotspur,Arsenal,Anthony Taylor,29,2.08,1.38,2,1.32,1,1,2,1,0,1,74,16,3,4,3,0,2,1,0,3,0,3,11,7,4,5,7,2,15,14,60,40,1.65,1.29,1.32,1.1,3.35,73,Wembley Stadium (London)
Mar 02 2019 - 3:00pm,AFC Bournemouth,Manchester City,Kevin Friend,29,1.79,2,1.53,2.32,0,1,1,0,0,0,,55,0,14,1,0,2,0,0,1,0,2,0,18,0,8,0,10,7,7,18,82,1.4,1.61,0.11,2.36,2.88,48,Vitality Stadium (Bournemouth- Dorset)
Mar 02 2019 - 3:00pm,Brighton & Hove Albion,Huddersfield Town,Mike Dean,29,1.46,0.46,1.21,0.37,1,0,1,0,0,0,79,,6,3,2,0,2,0,1,1,0,2,11,5,5,5,6,0,11,6,52,48,1.25,1.13,1.53,0.87,2.58,54,The American Express Community Stadium (Falmer- East Sussex)
Mar 02 2019 - 3:00pm,Burnley,Crystal Palace,Lee Probert,29,1.31,1.21,1.21,1.53,1,3,4,1,0,1,90,"15,48,76",8,5,1,0,2,0,1,0,0,2,15,9,5,5,10,4,9,9,56,44,1.24,1.2,1.86,1.19,3.15,63,Turf Moor (Burnley)
Mar 02 2019 - 3:00pm,Manchester United,Southampton,Stuart Attwell,29,2,0.86,1.89,0.84,3,2,5,1,0,1,"53,59,88","26,75",9,7,2,0,1,0,0,2,1,0,16,8,7,4,9,4,7,10,64,36,1.79,1.32,1.88,1.16,2.93,64,Old Trafford (Manchester)
Mar 02 2019 - 3:00pm,Wolverhampton Wanderers,Cardiff City,Andre Marriner,29,1.5,0.62,1.79,0.74,2,0,2,2,2,0,"16,18",,7,8,1,0,2,0,1,0,1,1,12,9,7,5,5,4,11,6,56,44,1.43,1.07,1.49,1.54,2.67,45,Molineux Stadium (Wolverhampton- West Midlands)
Mar 02 2019 - 5:30pm,West Ham United,Newcastle United,Chris Kavanagh,29,1.5,0.92,1.63,1.05,2,0,2,2,2,0,"7,42",,1,6,3,0,4,0,1,2,2,2,8,9,5,3,3,6,8,14,55,45,1.53,1.02,1.17,1.05,2.47,56,London Stadium (London)
Mar 03 2019 - 12:00pm,Watford,Leicester City,Jonathan Moss,29,1.54,1.29,1.42,1.32,2,1,3,1,1,0,"5,90'2",75,1,5,5,0,1,0,1,4,0,1,6,9,6,3,0,6,15,12,39,61,1.34,1.38,1.09,1.29,2.74,59,Vicarage Road (Watford)
Mar 03 2019 - 2:05pm,Fulham,Chelsea,Graham Scott,29,1.15,1.69,1.11,1.58,1,2,3,3,1,2,27,"20,31",5,4,2,0,1,0,1,1,0,1,10,13,6,8,4,5,11,10,36,64,1.64,1.54,1.43,1.79,3.16,50,Craven Cottage (London)
Mar 03 2019 - 4:15pm,Everton,Liverpool,Martin Atkinson,29,1.5,2.21,1.79,2.32,0,0,0,0,0,0,,,3,7,1,0,2,0,1,0,0,2,7,7,4,4,3,3,12,10,42,58,1.49,1.49,1.14,1.09,2.65,54,Goodison Park (Liverpool)
Mar 09 2019 - 12:30pm,Crystal Palace,Brighton & Hove Albion,Craig Pawson,30,0.93,0.57,1.05,0.68,1,2,3,1,0,1,50,"19,74",8,0,1,0,5,0,0,1,2,3,9,5,4,4,5,1,8,18,62,38,1.58,1.1,1.4,0.87,2.29,43,Selhurst Park (London)
Mar 09 2019 - 3:00pm,Cardiff City,West Ham United,Graham Scott,30,1.13,1.07,1.05,1.11,2,0,2,1,1,0,"4,52",,7,5,2,0,1,0,1,1,1,0,14,8,8,3,6,5,7,12,29,71,1.26,1.13,1.8,1.08,2.82,45,Cardiff City Stadium (Cardiff (Caerdydd))
Mar 09 2019 - 3:00pm,Huddersfield Town,AFC Bournemouth,Anthony Taylor,30,0.53,0.64,0.47,0.84,0,2,2,1,0,1,,"20,66",6,5,3,0,1,0,1,2,0,1,5,9,2,6,3,3,14,9,56,44,1.28,1.32,0.9,1.3,2.68,35,John Smith's Stadium (Huddersfield- West Yorkshire)
Mar 09 2019 - 3:00pm,Leicester City,Fulham,David Coote,30,1.21,0.13,1.42,0.26,3,1,4,1,1,0,"21,78,86",51,6,5,0,0,2,0,0,0,0,2,17,5,9,4,8,1,9,13,52,48,1.59,1.05,2.06,0.82,2.75,52,King Power Stadium (Leicester- Leicestershire)
Mar 09 2019 - 3:00pm,Newcastle United,Everton,Lee Mason,30,1.27,1.07,1.32,1.05,3,2,5,2,0,2,"65,81,84","18,32",8,2,3,0,1,0,1,2,0,1,15,6,8,4,7,2,13,10,45,55,1.35,1.28,1.86,1.1,2.42,45,St. James' Park (Newcastle upon Tyne)
Mar 09 2019 - 3:00pm,Southampton,Tottenham Hotspur,Kevin Friend,30,1.07,2.2,1.21,1.74,2,1,3,1,0,1,"76,81",26,1,10,4,0,2,0,2,2,0,2,9,15,5,6,4,9,16,9,36,64,1.46,1.39,1.27,1.78,2.96,62,St. Mary's Stadium (Southampton- Hampshire)
Mar 09 2019 - 5:30pm,Manchester City,Watford,Paul Tierney,30,2.8,1.33,2.84,1.21,3,1,4,0,0,0,"46,50,59",66,9,1,1,0,1,0,1,0,1,0,17,2,10,2,7,0,11,7,71,29,2.21,1.21,2.41,0.37,3.5,57,Etihad Stadium (Manchester)
Mar 10 2019 - 12:00pm,Liverpool,Burnley,Andre Marriner,30,2.71,0.87,2.79,0.89,4,2,6,3,2,1,"19,29,67,90'3","6,90'1",7,3,2,0,0,0,1,1,0,0,14,3,6,3,8,0,4,7,68,32,2,1,1.88,0.75,3.05,42,Anfield (Liverpool)
Mar 10 2019 - 2:05pm,Chelsea,Wolverhampton Wanderers,Michael Oliver,30,2.21,1.36,2.21,1.21,1,1,2,0,0,0,90'2,56,13,0,1,0,4,0,0,1,1,3,9,3,7,2,2,1,8,14,75,25,1.69,1.35,1.96,0.44,2.43,50,Stamford Bridge (London)
Mar 10 2019 - 4:30pm,Arsenal,Manchester United,Jonathan Moss,30,2.53,1.93,2.37,1.58,2,0,2,1,1,0,"12,69",,5,2,2,0,2,0,1,1,0,2,11,12,4,5,7,7,12,18,46,54,1.59,1.42,1.36,1.46,3.23,64,Emirates Stadium (London)
Mar 16 2019 - 3:00pm,AFC Bournemouth,Newcastle United,Mike Dean,31,1.67,0.86,1.53,1.05,2,2,4,1,0,1,"48,81","45'5,90'4",6,6,3,0,2,0,2,1,1,1,11,9,4,5,7,4,9,12,48,52,1.32,1.02,1.32,1.26,2.5,52,Vitality Stadium (Bournemouth- Dorset)
Mar 16 2019 - 3:00pm,Burnley,Leicester City,Michael Oliver,31,1.21,1.2,1.21,1.32,1,2,3,2,1,1,38,"33,90",9,3,1,0,1,1,1,0,2,0,10,5,3,5,7,0,9,10,62,38,1.29,1.37,1.41,0.9,2.97,66,Turf Moor (Burnley)
Mar 16 2019 - 3:00pm,West Ham United,Huddersfield Town,Jonathan Moss,31,1.6,0.43,1.63,0.37,4,3,7,3,1,2,"15,75,84,90'1","17,30,65",5,8,0,0,2,0,0,0,0,2,11,12,6,6,5,6,7,15,64,36,1.51,1.11,1.61,1.36,2.76,48,London Stadium (London)
Mar 17 2019 - 2:15pm,Fulham,Liverpool,Craig Pawson,31,1.07,2.13,1.11,2.32,1,2,3,1,0,1,74,"26,81",1,10,2,0,1,0,0,2,1,0,5,14,3,7,2,7,11,7,37,63,1.62,1.46,0.7,2.01,2.71,56,Craven Cottage (London)
Mar 17 2019 - 4:30pm,Everton,Chelsea,Anthony Taylor,31,1.47,1.79,1.79,1.58,2,0,2,0,0,0,"49,72",,3,4,1,0,2,0,0,1,1,1,13,11,9,6,4,5,17,9,32,68,1.47,1.56,1.73,1.65,2.9,48,Goodison Park (Liverpool)
Mar 30 2019 - 12:30pm,Fulham,Manchester City,Kevin Friend,32,1,2.07,1.11,2.32,0,2,2,2,0,2,,"5,27",0,11,2,0,0,0,0,2,0,0,4,16,0,8,4,8,4,12,34,66,1.56,1.66,0.46,2.09,2.89,52,Craven Cottage (London)
Mar 30 2019 - 3:00pm,Brighton & Hove Albion,Southampton,Michael Oliver,32,1.57,0.8,1.21,0.84,0,1,1,0,0,0,,53,6,5,1,0,2,0,1,0,0,2,11,7,2,3,9,4,8,10,60,40,1.27,1.31,1.23,0.99,2.58,55,The American Express Community Stadium (Falmer- East Sussex)
Mar 30 2019 - 3:00pm,Burnley,Wolverhampton Wanderers,Chris Kavanagh,32,1.13,1.33,1.21,1.21,2,0,2,1,1,0,"2,77",,1,5,1,0,1,0,0,1,0,1,5,5,2,2,3,3,12,10,37,63,1.29,1.29,0.66,0.89,2.67,64,Turf Moor (Burnley)
Mar 30 2019 - 3:00pm,Crystal Palace,Huddersfield Town,Lee Probert,32,0.87,0.4,1.05,0.37,2,0,2,0,0,0,"76,88",,5,5,0,0,0,0,0,0,0,0,12,13,6,6,6,7,10,7,48,52,1.57,1.13,1.53,1.58,2.4,40,Selhurst Park (London)
Mar 30 2019 - 3:00pm,Leicester City,AFC Bournemouth,Lee Mason,32,1.33,0.8,1.42,0.84,2,0,2,1,1,0,"11,82",,6,1,0,0,2,0,0,0,0,2,14,7,5,3,9,4,6,12,58,42,1.63,1.32,1.66,0.98,2.93,47,King Power Stadium (Leicester- Leicestershire)
Mar 30 2019 - 3:00pm,Manchester United,Watford,Stuart Attwell,32,2.07,1.25,1.89,1.21,2,1,3,1,1,0,"28,72",90,3,5,1,0,2,0,0,1,1,1,7,15,6,9,1,6,14,9,51,49,1.8,1.16,1.23,2.13,3.15,68,Old Trafford (Manchester)
Mar 30 2019 - 5:30pm,West Ham United,Everton,Paul Tierney,32,1.69,1,1.63,1.05,0,2,2,2,0,2,,"5,33",4,9,1,0,1,0,0,1,1,0,4,14,2,10,2,4,7,14,49,51,1.51,1.26,0.77,1.99,2.93,55,London Stadium (London)
Mar 31 2019 - 1:05pm,Cardiff City,Chelsea,Craig Pawson,32,1.25,1.67,1.05,1.58,1,2,3,0,0,0,46,"84,90'1",2,7,2,0,3,0,0,2,1,2,8,13,4,4,4,9,8,14,28,72,1.29,1.57,1.03,1.47,3,42,Cardiff City Stadium (Cardiff (Caerdydd))
Mar 31 2019 - 3:30pm,Liverpool,Tottenham Hotspur,Martin Atkinson,32,2.73,2.06,2.79,1.74,2,1,3,1,1,0,"16,90",70,10,3,0,0,1,0,0,0,0,1,12,10,4,3,8,7,5,8,48,52,2,1.41,1.4,1.15,3.36,48,Anfield (Liverpool)
Apr 01 2019 - 7:00pm,Arsenal,Newcastle United,Anthony Taylor,32,2.56,0.87,2.37,1.05,2,0,2,1,1,0,"30,83",,6,2,2,0,0,0,0,2,0,0,6,4,5,2,1,2,11,10,70,30,1.58,1.04,1.15,0.58,2.6,55,Emirates Stadium (London)
Apr 02 2019 - 6:45pm,Watford,Fulham,Roger East,33,1.64,0.13,1.42,0.26,4,1,5,2,1,1,"23,63,69,75",33,6,4,3,0,2,0,1,2,0,2,9,11,8,8,1,3,12,5,46,54,1.32,1.03,1.6,1.63,2.92,54,Vicarage Road (Watford)
Apr 02 2019 - 6:45pm,Wolverhampton Wanderers,Manchester United,Mike Dean,33,1.6,1.81,1.79,1.58,2,1,3,2,1,1,"25,77",13,3,5,1,0,3,1,0,1,2,2,8,12,3,5,5,7,5,11,49,51,1.43,1.43,0.97,1.48,2.99,52,Molineux Stadium (Wolverhampton- West Midlands)
Apr 03 2019 - 6:45pm,Chelsea,Brighton & Hove Albion,Graham Scott,27,2.13,0.73,2.21,0.68,3,0,3,1,1,0,"38,60,63",,7,1,0,0,0,0,0,0,0,0,13,4,5,2,8,2,5,9,68,32,1.71,1.08,1.84,0.59,2.7,54,Stamford Bridge (London)
Apr 03 2019 - 6:45pm,Tottenham Hotspur,Crystal Palace,Andre Marriner,31,2,1.33,2,1.53,2,0,2,0,0,0,"55,80",,8,2,1,0,0,0,1,0,0,0,20,6,11,2,9,4,8,5,65,35,1.62,1.2,2.71,0.71,2.99,62,Tottenham Hotspur Stadium (London)
Apr 03 2019 - 6:45pm,Manchester City,Cardiff City,Jonathan Moss,33,2.81,0.57,2.84,0.74,2,0,2,2,2,0,"6,44",,17,4,0,0,3,0,0,0,2,1,26,4,12,2,14,2,3,7,78,22,2.23,1.1,3.07,0.51,3.28,53,Etihad Stadium (Manchester)
Apr 05 2019 - 7:00pm,Southampton,Liverpool,Paul Tierney,33,1.2,2.19,1.21,2.32,1,3,4,2,1,1,9,"36,80,86",7,5,2,0,4,0,0,2,0,4,8,13,2,6,6,7,8,7,33,67,1.45,1.5,0.95,1.69,2.46,62,St. Mary's Stadium (Southampton- Hampshire)
Apr 06 2019 - 2:00pm,AFC Bournemouth,Burnley,Martin Atkinson,33,1.63,0.81,1.53,0.89,1,3,4,3,1,2,4,"18,20,56",3,6,2,0,3,0,1,1,2,1,8,8,3,4,5,4,12,16,59,41,1.32,0.98,1.04,1.21,3,53,Vitality Stadium (Bournemouth- Dorset)
Apr 06 2019 - 2:00pm,Huddersfield Town,Leicester City,David Coote,33,0.5,1.31,0.47,1.32,1,4,5,1,0,1,52,"24,48,79,84",8,5,3,0,0,0,2,1,0,0,8,17,5,10,3,7,13,11,44,56,1.26,1.34,1.16,2.05,2.38,50,John Smith's Stadium (Huddersfield- West Yorkshire)
Apr 06 2019 - 2:00pm,Newcastle United,Crystal Palace,Stuart Attwell,33,1.38,1.25,1.32,1.53,0,1,1,0,0,0,,81,9,4,1,0,2,0,0,1,1,1,15,4,6,2,9,2,12,13,53,47,1.38,1.17,1.83,0.67,2.82,54,St. James' Park (Newcastle upon Tyne)
Apr 07 2019 - 1:05pm,Everton,Arsenal,Kevin Friend,33,1.56,1.36,1.79,1.32,1,0,1,1,1,0,10,,9,6,1,0,4,0,0,1,2,2,16,6,7,3,9,3,8,9,42,58,1.48,1.27,1.97,0.98,3.27,72,Goodison Park (Liverpool)
Apr 08 2019 - 7:00pm,Chelsea,West Ham United,Chris Kavanagh,33,2.19,1,2.21,1.11,2,0,2,1,1,0,"24,90",,7,4,2,0,1,0,0,2,1,0,14,6,8,3,6,3,8,7,54,46,1.72,1.13,1.94,0.96,2.55,42,Stamford Bridge (London)
Apr 12 2019 - 7:00pm,Leicester City,Newcastle United,Chris Kavanagh,34,1.44,0.81,1.42,1.05,0,1,1,1,0,1,,32,2,3,2,0,3,0,1,1,0,3,12,11,6,6,6,5,6,10,71,29,1.63,1.01,1.54,1.27,2.32,53,King Power Stadium (Leicester- Leicestershire)
Apr 13 2019 - 11:30am,Tottenham Hotspur,Huddersfield Town,Lee Mason,34,2.07,0.38,2,0.37,4,0,4,2,2,0,"24,27,87,90'3",,4,2,2,0,2,0,0,2,1,1,14,7,6,2,8,5,10,12,70,30,1.7,1.16,1.69,0.83,2.78,49,Tottenham Hotspur Stadium (London)
Apr 13 2019 - 2:00pm,Brighton & Hove Albion,AFC Bournemouth,Kevin Friend,34,1.47,0.75,1.21,0.84,0,5,5,1,0,1,,"33,55,74,82,90'2",4,1,2,1,4,0,0,3,1,3,5,12,2,8,3,4,10,6,50,50,1.26,1.3,0.87,1.59,2.73,42,The American Express Community Stadium (Falmer- East Sussex)
Apr 13 2019 - 2:00pm,Burnley,Cardiff City,Mike Dean,34,1.25,0.53,1.21,0.74,2,0,2,1,1,0,"31,90'2",,8,4,2,0,4,0,2,0,1,3,14,10,8,3,6,7,7,10,46,54,1.25,1.06,1.85,1.17,2.77,52,Turf Moor (Burnley)
Apr 13 2019 - 2:00pm,Fulham,Everton,Lee Probert,34,0.94,1.13,1.11,1.05,2,0,2,0,0,0,"46,69",,7,3,2,0,1,0,0,2,1,0,13,8,6,2,7,6,8,10,40,60,1.49,1.31,1.49,1.18,2.94,57,Craven Cottage (London)
Apr 13 2019 - 2:00pm,Southampton,Wolverhampton Wanderers,Jonathan Moss,34,1.13,1.25,1.21,1.21,3,1,4,3,2,1,"2,30,71",28,4,9,1,0,3,0,0,1,2,1,11,11,7,3,4,8,13,8,30,70,1.42,1.26,1.41,1.39,2.5,66,St. Mary's Stadium (Southampton- Hampshire)
Apr 13 2019 - 4:30pm,Manchester United,West Ham United,Graham Scott,34,2.13,0.94,1.89,1.11,2,1,3,1,1,0,"19,80",49,3,11,1,0,1,0,1,0,0,1,10,11,5,5,5,6,14,5,42,58,1.76,1.12,1.37,1.56,2.86,59,Old Trafford (Manchester)
Apr 14 2019 - 1:05pm,Crystal Palace,Manchester City,Martin Atkinson,34,1,2.13,1.05,2.32,1,3,4,1,0,1,81,"15,63,90",2,9,0,0,0,0,0,0,0,0,6,14,4,7,2,7,5,11,27,73,1.57,1.69,0.85,2.05,2.18,32,Selhurst Park (London)
Apr 14 2019 - 3:30pm,Liverpool,Chelsea,Michael Oliver,34,2.75,1.75,2.79,1.58,2,0,2,0,0,0,"51,53",,9,2,0,0,1,0,0,0,1,0,11,6,8,4,3,2,5,9,61,39,1.96,1.56,1.87,0.96,3.22,44,Anfield (Liverpool)
Apr 15 2019 - 7:00pm,Watford,Arsenal,Craig Pawson,34,1.73,1.27,1.42,1.32,0,1,1,1,0,1,,10,6,4,2,1,0,0,1,2,0,0,7,12,4,6,3,6,12,8,34,66,1.34,1.25,1.07,1.61,3.24,74,Vicarage Road (Watford)
Apr 16 2019 - 6:45pm,Brighton & Hove Albion,Cardiff City,Andre Marriner,31,1.38,0.5,1.21,0.74,0,2,2,1,0,1,,"22,50",5,4,0,0,1,0,0,0,0,1,11,7,3,4,8,3,11,13,63,37,1.24,1.07,1.46,0.97,2.41,44,The American Express Community Stadium (Falmer- East Sussex)
Apr 20 2019 - 11:30am,Manchester City,Tottenham Hotspur,Michael Oliver,35,2.82,1.94,2.84,1.74,1,0,1,1,1,0,5,,4,4,1,0,2,0,0,1,0,2,11,8,5,5,6,3,11,11,60,40,2.28,1.4,1.58,1.06,3.56,59,Etihad Stadium (Manchester)
Apr 20 2019 - 2:00pm,AFC Bournemouth,Fulham,David Coote,35,1.53,0.12,1.53,0.26,0,1,1,0,0,0,,53,3,7,1,0,3,0,0,1,0,3,12,12,6,6,6,6,11,18,49,51,1.3,1.07,1.49,1.6,3.18,56,Vitality Stadium (Bournemouth- Dorset)
Apr 20 2019 - 2:00pm,Huddersfield Town,Watford,Roger East,35,0.47,1.18,0.47,1.21,1,2,3,1,0,1,90'3,"5,80",2,2,2,0,2,0,2,0,1,1,9,11,4,7,5,4,15,9,45,55,1.25,1.22,1.15,1.47,2.56,47,John Smith's Stadium (Huddersfield- West Yorkshire)
Apr 20 2019 - 2:00pm,West Ham United,Leicester City,Lee Probert,35,1.59,1.41,1.63,1.32,2,2,4,1,1,0,"37,82","67,90'2",6,8,2,0,0,0,0,2,0,0,9,11,4,6,5,5,8,9,49,51,1.47,1.38,1.34,1.51,3,62,London Stadium (London)
Apr 20 2019 - 2:00pm,Wolverhampton Wanderers,Brighton & Hove Albion,Craig Pawson,35,1.69,0.69,1.79,0.68,0,0,0,0,0,0,,,14,1,0,0,1,0,0,0,1,0,20,5,6,0,14,5,0,8,68,32,1.4,1.05,2.45,0.5,2.78,50,Molineux Stadium (Wolverhampton- West Midlands)
Apr 20 2019 - 4:30pm,Newcastle United,Southampton,Anthony Taylor,35,1.29,0.94,1.32,0.84,3,1,4,2,2,0,"27,31,86",59,4,11,0,0,2,0,0,0,1,1,11,11,7,4,4,7,5,11,43,57,1.41,1.29,1.45,1.37,2.55,46,St. James' Park (Newcastle upon Tyne)
Apr 21 2019 - 12:30pm,Everton,Manchester United,Paul Tierney,35,1.65,1.71,1.79,1.58,4,0,4,2,2,0,"13,28,56,64",,10,2,1,0,1,0,1,0,0,1,12,7,9,2,3,5,11,7,48,52,1.51,1.43,1.7,0.95,2.95,56,Goodison Park (Liverpool)
Apr 21 2019 - 3:00pm,Arsenal,Crystal Palace,Jonathan Moss,35,2.59,1.35,2.37,1.53,2,3,5,1,0,1,"47,77","17,61,69",8,3,4,0,1,0,1,3,0,1,11,13,6,8,5,5,15,12,72,28,1.55,1.14,1.83,1.67,3.03,56,Emirates Stadium (London)
Apr 21 2019 - 3:00pm,Cardiff City,Liverpool,Martin Atkinson,35,1.18,2.24,1.05,2.32,0,2,2,0,0,0,,"57,81",5,10,1,0,1,0,0,1,0,1,5,15,3,7,2,8,6,5,23,77,1.28,1.51,0.71,1.89,2.68,50,Cardiff City Stadium (Cardiff (Caerdydd))
Apr 22 2019 - 7:00pm,Chelsea,Burnley,Kevin Friend,35,2.24,0.94,2.21,0.89,2,2,4,4,2,2,"12,14","8,24",10,1,2,0,1,0,0,2,1,0,18,6,10,4,8,2,9,4,76,24,1.73,1,2.7,0.84,2.8,47,Stamford Bridge (London)
Apr 23 2019 - 6:45pm,Watford,Southampton,Mike Dean,31,1.63,0.88,1.42,0.84,1,1,2,1,0,1,90,1,3,4,5,0,2,0,2,3,2,0,8,8,5,5,3,3,10,14,62,38,1.32,1.29,1.26,1.23,2.79,55,Vicarage Road (Watford)
Apr 23 2019 - 6:45pm,Tottenham Hotspur,Brighton & Hove Albion,Chris Kavanagh,33,2.13,0.71,2,0.68,1,0,1,0,0,0,88,,6,3,1,0,2,0,0,1,1,1,18,6,6,2,12,4,7,13,78,22,1.7,1.02,2.33,0.69,2.7,52,Tottenham Hotspur Stadium (London)
Apr 24 2019 - 6:45pm,Wolverhampton Wanderers,Arsenal,Stuart Attwell,31,1.65,1.38,1.79,1.32,3,1,4,3,3,0,"28,37,45'2",80,5,5,2,0,3,0,1,1,3,0,9,6,4,2,5,4,12,9,29,71,1.46,1.28,1.01,1.03,3.02,61,Molineux Stadium (Wolverhampton- West Midlands)
Apr 24 2019 - 7:00pm,Manchester United,Manchester City,Andre Marriner,31,2.19,2.19,1.89,2.32,0,2,2,0,0,0,,"54,66",1,1,2,0,2,0,1,1,2,0,8,9,2,6,6,3,10,10,36,64,1.74,1.71,0.93,1.36,2.91,60,Old Trafford (Manchester)
Apr 26 2019 - 7:00pm,Liverpool,Huddersfield Town,Kevin Friend,36,2.76,0.35,2.79,0.37,5,0,5,3,3,0,"1,23,45'1,66,83",,4,4,0,0,0,0,0,0,0,0,20,4,8,2,12,2,5,14,70,30,1.95,1.14,2.11,0.62,3.18,41,Anfield (Liverpool)
Apr 27 2019 - 11:30am,Tottenham Hotspur,West Ham United,Anthony Taylor,36,2.18,0.88,2,1.11,0,1,1,0,0,0,,67,2,7,0,0,2,0,0,0,1,1,9,13,5,8,4,5,3,8,63,37,1.73,1.14,1.39,1.74,2.56,44,Tottenham Hotspur Stadium (London)
Apr 27 2019 - 2:00pm,Crystal Palace,Everton,Lee Mason,36,0.94,1.06,1.05,1.05,0,0,0,0,0,0,,,5,10,2,0,0,0,1,1,0,0,6,12,0,4,6,8,9,15,36,64,1.53,1.3,0.69,1.68,2.33,41,Selhurst Park (London)
Apr 27 2019 - 2:00pm,Fulham,Cardiff City,Chris Kavanagh,36,1.06,0.65,1.11,0.74,1,0,1,0,0,0,79,,10,3,0,0,0,0,0,0,0,0,8,11,3,9,5,2,10,8,73,27,1.49,1.06,1.06,1.67,2.77,47,Craven Cottage (London)
Apr 27 2019 - 2:00pm,Southampton,AFC Bournemouth,Graham Scott,36,1.24,0.88,1.21,0.84,3,3,6,3,1,2,"12,55,67","20,32,86",9,3,2,0,1,0,2,0,1,0,17,10,8,6,9,4,8,9,44,56,1.42,1.31,2.11,1.32,3.12,53,St. Mary's Stadium (Southampton- Hampshire)
Apr 27 2019 - 2:00pm,Watford,Wolverhampton Wanderers,Simon Hooper,36,1.59,1.18,1.42,1.21,1,2,3,1,0,1,49,"41,77",4,5,3,0,2,0,0,3,0,2,7,8,2,5,5,3,10,11,56,44,1.32,1.27,1,1.23,2.5,59,Vicarage Road (Watford)
Apr 27 2019 - 4:30pm,Brighton & Hove Albion,Newcastle United,Mike Dean,36,1.29,0.94,1.21,1.05,1,1,2,1,0,1,75,18,7,4,2,0,3,0,1,1,2,1,8,5,3,2,5,3,7,10,49,51,1.25,1.02,1.19,0.66,2.21,47,The American Express Community Stadium (Falmer- East Sussex)
Apr 28 2019 - 11:00am,Leicester City,Arsenal,Michael Oliver,36,1.35,1.29,1.42,1.32,3,0,3,0,0,0,"59,86,90'5",,8,6,3,0,2,1,1,2,2,1,19,5,13,2,6,3,13,13,67,33,1.62,1.26,2.68,0.74,2.94,68,King Power Stadium (Leicester- Leicestershire)
Apr 28 2019 - 1:05pm,Burnley,Manchester City,Paul Tierney,36,1.35,2.24,1.21,2.32,0,1,1,0,0,0,,63,0,6,1,0,1,0,0,1,0,1,3,12,0,8,3,4,5,7,30,70,1.29,1.69,0.39,1.87,2.77,47,Turf Moor (Burnley)
Apr 28 2019 - 3:30pm,Manchester United,Chelsea,Martin Atkinson,36,2.06,1.65,1.89,1.58,1,1,2,2,1,1,11,43,6,6,3,0,2,0,1,2,0,2,8,11,6,4,2,7,9,14,51,49,1.69,1.52,1.34,1.43,3.03,59,Old Trafford (Manchester)
May 03 2019 - 7:00pm,Everton,Burnley,Chris Kavanagh,37,1.72,0.94,1.79,0.89,2,0,2,2,2,0,"17,20",,8,1,0,0,2,0,0,0,1,1,16,6,7,2,9,4,8,9,60,40,1.52,0.99,1.99,0.87,2.89,50,Goodison Park (Liverpool)
May 04 2019 - 11:30am,AFC Bournemouth,Tottenham Hotspur,Craig Pawson,37,1.44,1.83,1.53,1.74,1,0,1,0,0,0,90'1,,10,6,1,0,5,2,0,1,4,3,14,9,7,6,7,3,11,12,53,47,1.31,1.38,1.93,1.31,3.03,56,Vitality Stadium (Bournemouth- Dorset)
May 04 2019 - 2:00pm,West Ham United,Southampton,Stuart Attwell,37,1.56,0.89,1.63,0.84,3,0,3,1,1,0,"16,69,72",,2,7,1,0,1,0,0,1,0,1,13,5,7,2,6,3,2,11,56,44,1.46,1.29,1.68,0.8,2.95,56,London Stadium (London)
May 04 2019 - 2:00pm,Wolverhampton Wanderers,Fulham,Jonathan Moss,37,1.72,0.28,1.79,0.26,1,0,1,0,0,0,75,,7,1,1,0,3,0,1,0,2,1,16,6,7,3,9,3,10,15,39,61,1.44,1.1,1.89,0.79,2.89,47,Molineux Stadium (Wolverhampton- West Midlands)
May 04 2019 - 4:30pm,Cardiff City,Crystal Palace,Michael Oliver,37,1.11,1.44,1.05,1.53,2,3,5,3,1,2,"31,90","28,39,70",10,5,0,0,0,0,0,0,0,0,15,15,9,8,6,7,14,11,39,61,1.25,1.17,1.93,1.89,3.09,53,Cardiff City Stadium (Cardiff (Caerdydd))
May 04 2019 - 6:45pm,Newcastle United,Liverpool,Andre Marriner,37,1.39,2.28,1.32,2.32,2,3,5,3,1,2,"20,54","13,28,86",2,3,1,0,1,0,1,0,0,1,11,11,8,5,3,6,10,4,30,70,1.41,1.53,1.46,1.36,2.36,47,St. James' Park (Newcastle upon Tyne)
May 05 2019 - 1:00pm,Chelsea,Watford,Paul Tierney,37,2.17,1.28,2.21,1.21,3,0,3,0,0,0,"48,51,75",,6,6,0,0,1,0,0,0,0,1,16,14,10,4,6,10,6,12,58,42,1.79,1.23,2.2,1.54,2.84,53,Stamford Bridge (London)
May 05 2019 - 1:00pm,Huddersfield Town,Manchester United,Lee Mason,37,0.44,1.61,0.47,1.58,1,1,2,1,0,1,60,8,3,7,1,0,1,0,0,1,1,0,6,17,4,8,2,9,10,10,35,65,1.25,1.4,0.9,2.05,2.73,50,John Smith's Stadium (Huddersfield- West Yorkshire)
May 05 2019 - 3:30pm,Arsenal,Brighton & Hove Albion,Anthony Taylor,37,2.44,0.67,2.37,0.68,1,1,2,1,1,0,9,61,16,3,5,0,2,0,1,4,1,1,14,10,9,6,5,4,9,14,70,30,1.57,1,2.25,1.34,2.84,53,Emirates Stadium (London)
May 06 2019 - 7:00pm,Manchester City,Leicester City,Mike Dean,37,2.83,1.39,2.84,1.32,1,0,1,0,0,0,70,,11,0,3,0,2,0,2,1,1,1,16,5,6,3,10,2,12,5,61,39,2.24,1.39,2.09,0.73,3.39,64,Etihad Stadium (Manchester)
May 12 2019 - 2:00pm,Brighton & Hove Albion,Manchester City,Michael Oliver,38,1.28,2.28,1.21,2.32,1,4,5,3,1,2,27,"28,38,63,72",2,6,0,0,0,0,0,0,0,0,6,13,3,10,3,3,12,8,23,77,1.25,1.7,0.68,2.16,2.39,42,The American Express Community Stadium (Falmer- East Sussex)
May 12 2019 - 2:00pm,Burnley,Arsenal,Mike Dean,38,1.28,1.22,1.21,1.32,1,3,4,0,0,0,65,"52,63,90'4",4,5,5,0,1,0,3,2,0,1,12,11,6,7,6,4,11,3,39,61,1.24,1.23,1.57,1.63,3.17,67,Turf Moor (Burnley)
May 12 2019 - 2:00pm,Crystal Palace,AFC Bournemouth,Roger East,38,0.94,0.89,1.05,0.84,5,3,8,4,3,1,"24,32,37,65,80","45,56,73",4,4,3,0,0,0,0,3,0,0,16,15,9,9,7,6,11,8,45,55,1.48,1.31,1.97,2.07,2.7,33,Selhurst Park (London)
May 12 2019 - 2:00pm,Fulham,Newcastle United,Kevin Friend,38,1.17,0.94,1.11,1.05,0,4,4,2,0,2,,"9,11,61,90",5,5,1,0,0,0,0,1,0,0,11,13,3,7,8,6,6,8,68,32,1.47,1,1.5,1.47,2.53,53,Craven Cottage (London)
May 12 2019 - 2:00pm,Leicester City,Chelsea,Anthony Taylor,38,1.44,1.61,1.42,1.58,0,0,0,0,0,0,,,4,5,0,0,1,0,0,0,1,0,8,12,4,5,4,7,9,8,46,54,1.68,1.52,1.16,1.5,2.64,47,King Power Stadium (Leicester- Leicestershire)
May 12 2019 - 2:00pm,Liverpool,Wolverhampton Wanderers,Martin Atkinson,38,2.78,1.28,2.79,1.21,2,0,2,1,1,0,"17,81",,4,1,0,0,2,0,0,0,0,2,11,7,6,3,5,4,3,11,59,41,1.96,1.27,1.4,0.92,2.92,50,Anfield (Liverpool)
May 12 2019 - 2:00pm,Manchester United,Cardiff City,Jonathan Moss,38,2,0.61,1.89,0.74,0,2,2,1,0,1,,"23,54",11,2,3,0,3,0,1,2,1,2,21,11,11,5,10,6,9,6,73,27,1.67,1.1,2.67,1.31,2.72,56,Old Trafford (Manchester)
May 12 2019 - 2:00pm,Southampton,Huddersfield Town,Lee Probert,38,1.22,0.33,1.21,0.37,1,1,2,1,1,0,41,55,4,3,0,0,1,0,0,0,0,1,7,8,4,4,3,4,8,6,53,47,1.46,1.11,1.15,1.04,3.06,59,St. Mary's Stadium (Southampton- Hampshire)
May 12 2019 - 2:00pm,Tottenham Hotspur,Everton,Andre Marriner,38,2.06,1.06,2,1.05,2,2,4,1,1,0,"3,75","69,72",7,4,0,0,2,0,0,0,0,2,9,13,4,10,5,3,10,13,55,45,1.71,1.32,1.23,1.8,2.53,44,Tottenham Hotspur Stadium (London)
May 12 2019 - 2:00pm,Watford,West Ham United,Chris Kavanagh,38,1.5,1,1.42,1.11,1,4,5,2,0,2,46,"15,39,71,78",7,2,1,1,0,0,0,2,0,0,11,15,9,10,2,5,10,10,48,52,1.3,1.18,1.81,2.01,2.56,50,Vicarage Road (Watford)
