home_team_name,away_team_name,Game Week,Pre-Match PPG (Home),Pre-Match PPG (Away),home_ppg,away_ppg,home_team_goal_count,away_team_goal_count,total_goal_count,total_goals_at_half_time,home_team_goal_count_half_time,away_team_goal_count_half_time,home_team_goal_timings,away_team_goal_timings,home_team_corner_count,away_team_corner_count,home_team_yellow_cards,home_team_red_cards,away_team_yellow_cards,away_team_red_cards,home_team_first_half_cards,home_team_second_half_cards,away_team_first_half_cards,away_team_second_half_cards,home_team_shots,away_team_shots,home_team_shots_on_target,away_team_shots_on_target,home_team_shots_off_target,away_team_shots_off_target,home_team_fouls,away_team_fouls,home_team_possession,away_team_possession,Home Team Pre-Match xG,Away Team Pre-Match xG,team_a_xg,team_b_xg,average_goals_per_match_pre_match,btts_percentage_pre_match,over_15_percentage_pre_match,over_25_percentage_pre_match,over_35_percentage_pre_match,over_45_percentage_pre_match,over_15_HT_FHG_percentage_pre_match,over_05_HT_FHG_percentage_pre_match,over_15_2HG_percentage_pre_match,over_05_2HG_percentage_pre_match,average_corners_per_match_pre_match,average_cards_per_match_pre_match,odds_ft_home_team_win,odds_ft_draw,odds_ft_away_team_win,odds_ft_over15,odds_ft_over25,odds_ft_over35,odds_ft_over45,odds_btts_yes,odds_btts_no,stadium_name
Crystal Palace,Arsenal,1,0,0,1.47,2.05,0,2,2,1,0,1,,"20,85",3,5,1,0,2,0,0,1,1,1,11,11,3,3,8,8,16,11,56,44,0,0,1.35,1.27,0,0,0,0,0,0,0,0,0,0,0,0,3.29,3.49,2.09,1.29,1.9,3.25,6.75,1.8,1.95,Selhurst Park (London)
Fulham,Liverpool,1,0,0,1.53,1.21,2,2,4,1,1,0,"32,72","64,80",4,4,2,0,0,0,1,1,0,0,10,12,4,4,6,8,7,9,33,67,0,0,1.23,1.5,0,0,0,0,0,0,0,0,0,0,0,0,9.05,5.4,1.34,1.15,1.66,2.43,4.1,1.91,1.91,Craven Cottage (London)
AFC Bournemouth,Aston Villa,1,0,0,1.16,1.21,2,0,2,1,1,0,"2,80",,5,5,3,0,3,0,2,1,2,1,6,10,4,2,2,8,18,16,34,66,0,0,0.8,1.08,0,0,0,0,0,0,0,0,0,0,0,0,3.1,3.53,2.3,1.35,1.95,3.66,7.5,1.8,1.95,Vitality Stadium (Bournemouth- Dorset)
Leeds United,Wolverhampton Wanderers,1,0,0,1.16,0.58,2,1,3,2,1,1,"24,74",6,6,4,2,0,0,0,1,1,0,0,14,16,4,7,10,9,13,9,40,60,0,0,1.51,1.96,0,0,0,0,0,0,0,0,0,0,0,0,2.3,3.58,3.07,1.34,2.03,3.62,7.5,1.8,1.95,Elland Road (Leeds- West Yorkshire)
Newcastle United,Nottingham Forest,1,0,0,2.05,0.42,2,0,2,0,0,0,"58,78",,11,1,0,0,3,0,0,0,2,1,24,6,10,2,14,4,9,14,61,39,0,0,2.93,0.71,0,0,0,0,0,0,0,0,0,0,0,0,1.68,3.76,4.97,1.35,1.94,3.73,7.5,2,1.75,St. James' Park (Newcastle upon Tyne)
Tottenham Hotspur,Southampton,1,0,0,1.95,0.74,4,1,5,3,2,1,"21,31,61,63",12,10,2,3,0,0,0,1,2,0,0,15,8,9,3,6,5,11,6,58,42,0,0,1.65,0.77,0,0,0,0,0,0,0,0,0,0,0,0,1.58,4.42,5.6,1.18,1.63,2.61,4.8,1.95,1.8,Tottenham Hotspur Stadium (London)
Everton,Chelsea,1,0,0,1.11,1,0,1,1,1,0,1,,45'9,4,16,3,0,2,0,1,2,0,2,9,16,5,7,4,9,14,11,37,63,0,0,1.26,2.11,0,0,0,0,0,0,0,0,0,0,0,0,5.45,4.05,1.64,1.31,1.86,3.35,6.5,1.91,1.91,Goodison Park (Liverpool)
Leicester City,Brentford,1,0,0,1,1.16,2,2,4,1,1,0,"33,46","62,86",5,6,0,0,0,0,0,0,0,0,15,10,3,5,12,5,6,5,55,45,0,0,1.42,1.14,0,0,0,0,0,0,0,0,0,0,0,0,1.95,3.6,3.6,1.26,1.79,3.05,6,1.67,2.1,King Power Stadium (Leicester- Leicestershire)
Manchester United,Brighton & Hove Albion,1,0,0,2.53,1.47,1,2,3,2,0,2,68,"30,39",6,2,4,0,1,0,2,2,0,1,18,16,6,5,12,11,7,12,63,37,0,0,2.01,1.67,0,0,0,0,0,0,0,0,0,0,0,0,1.62,4.2,5.25,1.34,1.91,3.6,7,1.95,1.8,Old Trafford (Manchester)
West Ham United,Manchester City,1,0,0,1.47,1.95,0,2,2,1,0,1,,"36,65",1,4,0,0,1,0,0,0,1,0,7,15,2,3,5,12,8,4,25,75,0,0,0.72,1.59,0,0,0,0,0,0,0,0,0,0,0,0,8.5,5.25,1.36,1.17,1.68,2.38,4.5,1.8,1.95,London Stadium (London)
Aston Villa,Everton,2,0,0,2,0.79,2,1,3,1,1,0,"31,86",87,5,8,4,0,1,0,1,3,1,0,13,16,5,5,8,11,9,7,58,42,0,0,1.64,1.59,0,0,0,0,0,0,0,0,0,0,0,0,1.91,3.26,3.4,1.34,1.95,3.6,7.4,1.8,1.95,Villa Park (Birmingham)
Arsenal,Leicester City,2,0,0,2.37,0.79,4,2,6,2,2,0,"23,35,55,75","53,74",6,2,1,0,1,0,0,1,1,0,20,8,8,4,12,4,15,9,50,50,0,0,2.29,0.99,0,0,0,0,0,0,0,0,0,0,0,0,1.68,3.5,4.07,1.23,1.86,2.79,5.2,1.8,1.95,Emirates Stadium (London)
Brighton & Hove Albion,Newcastle United,2,0,0,1.79,1.68,0,0,0,0,0,0,,,7,3,2,0,3,0,1,1,1,2,14,6,6,2,8,4,8,6,55,45,0,0,1.78,0.81,0,0,0,0,0,0,0,0,0,0,0,0,2.38,3.4,3,1.38,2.1,3.95,8.2,1.91,1.91,The American Express Community Stadium (Falmer- East Sussex)
Manchester City,AFC Bournemouth,2,0,0,2.74,0.89,4,0,4,3,3,0,"19,31,37,79",,11,1,0,0,3,0,0,0,1,2,21,4,9,2,12,2,9,9,67,33,0,0,2.53,0.48,0,0,0,0,0,0,0,0,0,0,0,0,1.12,5.99,22.12,1.11,1.36,2.05,3.2,3,1.36,Etihad Stadium (Manchester)
Southampton,Leeds United,2,0,0,0.58,0.47,2,2,4,0,0,0,"72,81","46,60",2,5,1,0,3,0,0,1,2,1,16,12,5,6,11,6,10,12,42,58,0,0,1.65,1.49,0,0,0,0,0,0,0,0,0,0,0,0,2.11,3.16,2.97,1.23,1.84,2.93,4.8,1.62,2.2,St. Mary's Stadium (Southampton- Hampshire)
Wolverhampton Wanderers,Fulham,2,0,0,1.58,1.21,0,0,0,0,0,0,,,5,3,3,0,3,0,2,1,1,2,7,10,2,0,5,10,7,14,60,40,0,0,0.87,0.93,0,0,0,0,0,0,0,0,0,0,0,0,1.96,3.26,3.26,1.36,2.02,3.63,7.25,1.8,1.95,Molineux Stadium (Wolverhampton- West Midlands)
Brentford,Manchester United,2,0,0,1.95,1.42,4,0,4,4,4,0,"10,18,30,35",,8,2,0,0,4,0,0,0,1,3,14,16,8,5,6,11,6,15,33,67,0,0,1.74,1.84,0,0,0,0,0,0,0,0,0,0,0,0,3.82,3.5,2.03,1.28,1.8,3.1,6.2,1.67,2.1,Gtech Community Stadium (Brentford- Middlesex)
Nottingham Forest,West Ham United,2,0,0,1.58,0.63,1,0,1,1,1,0,45'2,,6,7,4,0,1,0,0,4,1,0,14,20,7,6,7,14,10,11,43,57,0,0,1.72,2.09,0,0,0,0,0,0,0,0,0,0,0,0,4.33,3.4,1.91,1.31,1.9,3.4,6.8,1.8,1.95,The City Ground (Nottingham- Nottinghamshire)
Chelsea,Tottenham Hotspur,2,0,0,1.32,1.21,2,2,4,1,1,0,"19,77","68,90'6",8,5,3,0,0,0,1,2,0,0,17,9,4,4,13,5,9,9,64,36,0,0,2.05,1.06,0,0,0,0,0,0,0,0,0,0,0,0,2.32,3.54,3.3,1.31,1.75,3.4,6.8,1.7,2.05,Stamford Bridge (London)
Liverpool,Crystal Palace,2,0,0,2.32,0.89,1,1,2,1,0,1,61,32,4,2,2,1,4,0,1,2,0,4,25,8,5,4,20,4,7,8,73,27,0,0,2.56,0.92,0,0,0,0,0,0,0,0,0,0,0,0,1.22,6.5,15,1.17,1.6,2.3,4.3,2.2,1.62,Anfield (Liverpool)
Tottenham Hotspur,Wolverhampton Wanderers,3,3,0,1.95,0.58,1,0,1,0,0,0,64,,8,6,2,0,2,0,1,1,0,2,12,21,5,4,7,17,10,8,50,50,1.65,1.96,1.27,1.77,4,100,100,100,50,50,100,100,50,100,14,3,1.42,5,8,1.25,1.7,2.97,5.6,2,1.75,Tottenham Hotspur Stadium (London)
Crystal Palace,Aston Villa,3,0,0,1.47,1.21,3,1,4,2,1,1,"7,58,71",5,4,2,2,0,1,0,1,1,1,0,19,15,11,5,8,10,16,14,51,49,1.35,1.08,2.33,1.6,2,0,100,0,0,0,0,100,0,100,8,4,2.48,3.35,3.05,1.36,2.2,3.8,7.6,1.8,1.95,Selhurst Park (London)
Everton,Nottingham Forest,3,0,0,1.11,0.42,1,1,2,0,0,0,88,81,6,2,3,0,2,0,2,1,2,0,20,14,10,5,10,9,6,9,48,52,1.26,0.71,2.32,1.53,1.5,0,50,0,0,0,0,50,50,50,5,6,2,3.55,4.2,1.35,2.07,3.7,7.6,1.8,1.95,Goodison Park (Liverpool)
Fulham,Brentford,3,1,1,1.53,1.16,3,2,5,3,2,1,"1,20,90","44,71",6,3,3,0,2,0,2,1,0,2,20,16,10,7,10,9,13,7,44,56,1.23,1.14,2.24,1.82,4,100,100,100,100,0,0,100,100,100,10,2,2.5,3.5,2.95,1.33,1.94,3.45,7,1.7,2.05,Craven Cottage (London)
Leicester City,Southampton,3,1,0,1,0.74,1,2,3,0,0,0,54,"68,84",2,5,2,0,3,0,0,2,0,3,7,10,3,4,4,6,11,15,62,38,1.42,0.77,1.14,1.25,4.5,100,100,100,100,50,50,100,100,100,7,0,1.86,4.1,4.1,1.22,1.63,2.69,5,1.62,2.2,King Power Stadium (Leicester- Leicestershire)
AFC Bournemouth,Arsenal,3,3,3,1.16,2.05,0,3,3,2,0,2,,"5,11,54",3,4,2,0,1,0,1,1,0,1,7,14,3,6,4,8,12,10,42,58,0.8,1.27,0.9,1.68,2,0,100,0,0,0,0,100,0,100,10,5,5.75,3.9,1.6,1.26,1.8,3,5.9,2,1.75,Vitality Stadium (Bournemouth- Dorset)
Leeds United,Chelsea,3,3,3,1.16,1,3,0,3,2,2,0,"33,37,69",,4,6,0,0,2,1,0,0,2,1,13,15,7,4,6,11,16,15,39,61,1.51,2.11,1.66,1.72,2,50,50,50,0,0,50,100,0,50,22,4,5.5,4.2,1.57,1.23,1.84,2.85,5.4,1.8,1.95,Elland Road (Leeds- West Yorkshire)
West Ham United,Brighton & Hove Albion,3,0,3,1.47,1.47,0,2,2,1,0,1,,"22,66",5,4,2,0,0,0,1,1,0,0,13,12,4,3,9,9,10,7,49,51,0.72,1.67,1.41,1.32,2.5,50,100,50,0,0,50,100,0,100,3,1,2.15,3.3,3.3,1.34,1.99,3.6,7.2,1.75,2,London Stadium (London)
Newcastle United,Manchester City,3,3,3,2.05,1.95,3,3,6,3,2,1,"28,39,54","5,61,64",5,5,4,0,2,0,2,2,1,1,13,22,7,11,6,11,14,7,31,69,2.93,1.59,1.59,2.57,2,0,100,0,0,0,0,50,50,100,15,1,7,5,1.37,1.18,1.58,2.2,4,1.91,1.91,St. James' Park (Newcastle upon Tyne)
Manchester United,Liverpool,3,0,1,2.53,1.21,2,1,3,1,1,0,"16,53",81,6,8,3,0,1,0,2,1,1,0,13,18,5,6,8,12,11,7,30,70,2.01,1.5,1.43,2.16,3.5,100,100,100,50,0,50,100,50,100,10,4,5.23,4.46,1.64,1.17,1.5,2.3,4,1.57,2.25,Old Trafford (Manchester)
Southampton,Manchester United,4,1,0,0.58,1.42,0,1,1,0,0,0,,55,5,3,0,0,3,0,0,0,0,3,18,12,5,7,13,5,4,14,48,52,1.65,1.84,2.1,1.53,4,50,100,100,100,0,50,50,50,50,4,5,3.45,3.65,2.07,1.21,1.67,2.62,4.85,1.57,2.25,St. Mary's Stadium (Southampton- Hampshire)
Brentford,Everton,4,3,0,1.95,0.79,1,1,2,1,0,1,84,24,8,5,2,0,2,0,0,2,0,2,19,14,6,7,13,7,8,8,58,42,1.74,1.59,2.15,1.67,3.5,50,100,100,50,0,50,100,50,50,16,1,2,3.5,3.8,1.35,2.02,3.7,7.6,1.8,1.95,Gtech Community Stadium (Brentford- Middlesex)
Brighton & Hove Albion,Leeds United,4,1,1,1.79,0.47,1,0,1,0,0,0,66,,5,3,2,0,3,0,0,2,3,0,14,11,5,3,9,8,10,14,43,57,1.78,1.49,1.56,1.13,2,50,50,50,50,0,0,0,50,50,12,5,1.86,3.7,4.1,1.29,1.85,3.25,6.4,1.75,2,The American Express Community Stadium (Falmer- East Sussex)
Chelsea,Leicester City,4,1,0,1.32,0.79,2,1,3,0,0,0,"47,63",66,3,11,2,1,2,0,2,1,2,0,7,20,4,8,3,12,10,7,45,55,2.05,0.99,1.01,2.35,5,100,100,100,100,50,50,100,100,100,10,4,1.39,5,7.6,1.21,1.61,2.29,4.9,1.91,1.91,Stamford Bridge (London)
Liverpool,AFC Bournemouth,4,1,0,2.32,0.89,9,0,9,5,5,0,"3,6,28,31,45,46,62,80,85",,8,1,0,0,1,0,0,0,1,0,21,6,14,3,7,3,6,5,69,31,2.56,0.48,2.83,0.7,3,50,100,50,50,0,50,100,0,100,5,7,1.11,9.4,23,1.11,1.35,2,3.15,2.5,1.5,Anfield (Liverpool)
Manchester City,Crystal Palace,4,3,1,2.74,0.89,4,2,6,2,0,2,"53,62,70,81","4,21",6,1,1,0,2,0,0,1,0,2,19,5,6,5,13,0,14,8,74,26,2.53,0.92,2.27,0.78,3,50,100,50,50,0,50,100,0,100,13,4,1.13,8.8,19,1.11,1.37,1.95,3.3,2.05,1.7,Etihad Stadium (Manchester)
Arsenal,Fulham,4,3,1,2.37,1.21,2,1,3,0,0,0,"64,86",56,9,2,2,0,3,0,2,0,1,2,23,12,9,4,14,8,6,12,72,28,2.29,0.93,2.65,1.19,3,50,50,50,50,50,50,50,50,50,9,4,1.33,5.4,8.6,1.16,1.57,2.3,4.05,1.8,1.95,Emirates Stadium (London)
Aston Villa,West Ham United,4,3,0,2,0.63,0,1,1,0,0,0,,74,3,2,2,0,0,0,0,2,0,0,11,9,5,3,6,6,10,10,58,42,1.64,2.09,1.44,1.11,2,50,50,50,0,0,0,100,50,50,12,5,2.3,3.35,3.1,1.3,1.73,3.3,6.4,1.67,2.1,Villa Park (Birmingham)
Wolverhampton Wanderers,Newcastle United,4,1,1,1.58,1.68,1,1,2,1,1,0,38,90,4,13,2,0,1,0,1,1,0,1,11,22,5,7,6,15,10,11,36,64,0.87,0.81,1.33,2.5,0,0,0,0,0,0,0,0,0,0,8,6,2.75,3.2,2.65,1.37,2.04,3.8,7.8,1.8,1.95,Molineux Stadium (Wolverhampton- West Midlands)
Nottingham Forest,Tottenham Hotspur,4,3,1,1.58,1.21,0,2,2,1,0,1,,"5,81",6,1,6,0,1,0,0,6,0,1,18,20,2,8,16,12,11,13,55,45,1.72,1.06,1.84,2.03,2.5,50,50,50,50,0,0,100,50,50,11,4,5,3.8,1.7,1.25,1.73,2.94,5.6,1.91,1.91,The City Ground (Nottingham- Nottinghamshire)
Crystal Palace,Brentford,5,1.5,0.5,1.47,1.16,1,1,2,0,0,0,59,88,4,6,1,0,2,0,0,1,0,2,14,11,5,4,9,7,11,8,49,51,1.84,1.48,1.53,1.36,3.75,75,100,75,75,25,50,100,75,100,8,2.5,2.4,3.4,2.87,1.29,2.11,3.2,6.2,1.78,1.93,Selhurst Park (London)
Fulham,Brighton & Hove Albion,5,2,3,1.53,1.47,2,1,3,0,0,0,"48,55",60,3,3,2,0,1,0,0,2,0,1,10,8,4,4,6,4,0,1,39,61,1.73,1.49,1.25,1.2,3.5,75,100,75,50,25,50,100,50,100,8,3,2.65,3.5,2.5,1.35,2.03,3.7,7.6,1.78,1.93,Craven Cottage (London)
Southampton,Chelsea,5,0.5,1.5,0.58,1,2,1,3,3,2,1,"28,45'1",23,5,3,2,0,1,0,0,2,0,1,10,11,6,6,4,5,15,10,32,68,1.87,1.91,1.38,1.59,2.25,25,50,50,25,0,25,50,25,75,14.5,3,5,4.33,1.6,1.22,1.61,2.71,5,1.71,2.08,St. Mary's Stadium (Southampton- Hampshire)
Leeds United,Everton,5,3,0.5,1.16,0.79,1,1,2,1,0,1,55,17,10,2,3,0,3,0,1,2,1,2,15,8,6,3,9,5,10,9,69,31,1.59,1.63,2,0.81,2.75,75,100,75,0,0,50,100,25,100,11.5,2.5,1.93,3.7,3.75,1.3,2,3.3,6.4,1.7,2.05,Elland Road (Leeds- West Yorkshire)
AFC Bournemouth,Wolverhampton Wanderers,5,1.5,0,1.16,0.58,0,0,0,0,0,0,,,2,5,2,0,1,0,0,2,0,1,6,19,3,4,3,15,12,12,34,66,0.85,1.87,0.8,2.02,2.25,25,75,50,0,0,50,75,0,100,9,3.5,3.6,3.4,2.15,1.37,2.1,3.8,7.8,1.91,1.91,Vitality Stadium (Bournemouth- Dorset)
Arsenal,Aston Villa,5,3,0,2.37,1.21,2,1,3,1,1,0,"30,77",74,10,3,2,0,3,0,1,1,1,2,23,5,9,4,14,1,10,14,59,41,2.47,1.34,2.55,0.83,3.75,75,100,75,50,25,50,75,75,100,11,3.5,1.46,4.6,7.3,1.25,1.67,2.3,5.6,1.95,1.8,Emirates Stadium (London)
Manchester City,Nottingham Forest,5,3,0.5,2.74,0.42,6,0,6,3,3,0,"12,23,38,50,65,87",,10,1,0,0,1,0,0,0,0,1,16,8,10,2,6,6,9,7,75,25,2.4,1.12,2.21,0.75,3.5,50,100,50,50,25,50,50,75,100,10,3,1.08,13,26,1.84,1.3,1.85,2.3,2.5,1.5,Etihad Stadium (Manchester)
West Ham United,Tottenham Hotspur,5,0,2,1.47,1.21,1,1,2,1,0,1,55,34,3,4,2,0,5,0,0,2,2,3,13,13,5,5,8,8,10,10,38,62,1.07,1.54,1.55,1.45,2.5,25,100,25,25,0,0,100,25,100,6,1.5,3.7,3.8,1.99,1.27,1.68,3,6,1.67,2.1,London Stadium (London)
Liverpool,Newcastle United,5,2,1,2.32,1.68,2,1,3,1,0,1,"61,90'8",38,13,0,0,0,2,0,0,0,0,2,24,6,7,3,17,3,9,10,72,28,2.69,1.66,2.71,0.75,3.25,50,75,25,25,25,25,75,25,75,14,4,1.28,6.2,10,1.18,1.55,2.4,4.35,1.8,1.95,Anfield (Liverpool)
Leicester City,Manchester United,5,0.5,1.5,1,1.42,0,1,1,1,0,1,,23,1,3,1,0,3,0,0,1,2,1,11,10,3,3,8,7,7,15,54,46,1.28,1.69,1.21,1.21,3,50,75,75,50,0,25,50,50,75,6,4.5,3.3,3.7,2,1.21,1.65,2.62,4.75,1.53,2.38,King Power Stadium (Leicester- Leicestershire)
Everton,Liverpool,6,0.5,0.5,1.11,1.21,0,0,0,0,0,0,,,7,9,2,0,2,0,1,1,0,2,15,23,4,9,11,14,7,11,39,61,1.79,1.83,1.49,2.54,2.5,75,75,50,25,0,0,75,75,75,11,3.5,8.2,5.2,1.37,1.15,1.55,2.24,3.75,1.73,2,Goodison Park (Liverpool)
Brentford,Leeds United,6,2,0.5,1.95,0.47,5,2,7,3,2,1,"30,43,58,80,90'1","45'1,79",2,6,2,0,2,0,0,2,1,1,16,17,9,7,7,10,8,9,31,69,1.94,1.31,1.8,1.98,2.75,50,75,50,50,0,25,50,25,75,12,4,2.06,3.75,3.45,1.25,1.75,2.75,4.75,1.62,2.2,Gtech Community Stadium (Brentford- Middlesex)
Newcastle United,Crystal Palace,6,2,0.5,2.05,0.89,0,0,0,0,0,0,,,13,5,2,0,1,0,1,1,0,1,23,21,8,10,15,11,19,12,52,48,2.26,0.85,2.53,2.27,4,75,100,50,50,50,50,75,75,100,9.5,5,2.05,3.5,3.75,1.3,1.91,3.25,6.5,1.85,1.85,St. James' Park (Newcastle upon Tyne)
Nottingham Forest,AFC Bournemouth,6,1.5,0,1.58,0.89,2,3,5,2,2,0,"33,45'2","51,63,87",4,6,2,0,1,0,1,1,1,0,12,9,4,4,8,5,13,10,53,47,1.78,0.59,1.43,1.13,4,0,75,50,50,25,50,100,25,75,7,7,2.1,3.3,3.5,1.36,1.96,3.5,6.5,1.85,1.85,The City Ground (Nottingham- Nottinghamshire)
Tottenham Hotspur,Fulham,6,3,0.5,1.95,1.21,2,1,3,1,1,0,"40,75",83,10,3,3,0,4,0,1,2,1,3,25,8,12,4,13,4,9,6,52,48,1.46,1.06,2.82,1.15,2.25,50,50,50,25,25,25,25,50,75,11.5,5.5,1.4,5,7.7,1.2,1.67,2.5,4.33,1.85,1.85,Tottenham Hotspur Stadium (London)
Wolverhampton Wanderers,Southampton,6,1,1.5,1.58,0.74,1,0,1,1,1,0,45'1,,5,6,4,0,2,0,1,3,1,1,8,14,3,3,5,11,10,14,51,49,1.1,1.01,1.13,1.54,2.5,75,75,50,25,25,25,50,50,75,8,4,2.11,3.55,3.5,1.33,2.02,3.4,6,1.8,1.91,Molineux Stadium (Wolverhampton- West Midlands)
Chelsea,West Ham United,6,2,1.5,1.32,0.63,2,1,3,0,0,0,"76,88",62,10,3,4,0,2,0,2,2,0,2,10,9,4,5,6,4,6,11,68,32,1.53,1.6,1.49,1.06,2.25,50,50,50,25,0,0,50,50,75,10,3.5,1.47,4.65,6.5,1.22,1.67,2.62,4.5,1.85,1.85,Stamford Bridge (London)
Aston Villa,Manchester City,6,1.5,2,2,1.95,1,1,2,0,0,0,74,50,1,4,2,0,0,0,1,1,0,0,4,14,2,5,2,9,7,6,27,73,1.54,2.08,0.57,1.67,3,50,75,50,25,25,25,75,50,100,8.5,4.5,7.3,5.3,1.4,1.17,1.5,2.35,4.3,1.8,1.95,Villa Park (Birmingham)
Brighton & Hove Albion,Leicester City,6,2,0,1.79,0.79,5,2,7,4,2,2,"10,15,64,71,90'7","1,33",10,1,1,0,1,0,1,0,1,0,24,7,12,5,12,2,6,8,54,46,1.67,1.67,2.72,0.97,2.5,50,50,50,25,25,25,25,50,75,12.5,3.5,1.83,3.4,4.38,1.33,1.86,3.55,7.2,1.75,2,The American Express Community Stadium (Falmer- East Sussex)
Manchester United,Arsenal,6,1.5,3,2.53,2.05,3,1,4,1,1,0,"35,66,75",60,2,5,3,0,3,0,0,3,1,2,10,17,7,4,3,13,13,9,40,60,1.72,1.47,1.35,1.92,2.75,50,100,75,0,0,50,100,25,100,10.5,5,1.99,3.58,3.49,1.23,1.67,2.78,5.2,1.57,2.25,Old Trafford (Manchester)
Aston Villa,Southampton,8,1.33,1,2,0.74,1,0,1,1,1,0,41,,6,3,3,0,1,0,1,2,0,1,12,8,4,2,8,6,13,13,53,47,1.22,1.19,1.36,0.89,2.5,67,67,50,17,17,17,50,67,84,7.33,4.34,2,3.75,3.4,1.29,1.91,3.2,6.2,1.7,2.05,Villa Park (Birmingham)
Nottingham Forest,Fulham,8,1,0.33,1.58,1.21,2,3,5,1,1,0,"11,77","54,57,60",2,10,2,0,4,0,2,0,1,3,11,16,4,8,7,8,11,10,41,59,1.66,1.09,1.14,1.96,2.34,50,67,50,17,17,17,67,50,67,8,7.33,2.45,3.5,2.7,1.33,1.98,3.45,7,1.7,2.05,The City Ground (Nottingham- Nottinghamshire)
Wolverhampton Wanderers,Manchester City,8,1.67,1.67,1.58,1.95,0,3,3,2,0,2,,"1,16,69",5,7,2,1,1,0,1,2,1,0,7,17,2,8,5,9,7,9,41,59,1.11,1.94,0.83,2.02,2.17,50,67,17,17,17,17,67,34,67,9,4,8.7,5.6,1.34,1.18,1.57,2.43,4.4,1.91,1.91,Molineux Stadium (Wolverhampton- West Midlands)
Newcastle United,AFC Bournemouth,8,1.67,1,2.05,0.89,1,1,2,0,0,0,67,62,8,1,2,0,2,0,0,2,2,0,21,11,8,6,13,5,10,11,72,28,2.35,0.77,2.6,1.27,4.34,33,84,67,67,50,67,67,67,84,12.34,3.67,1.47,4.6,6.9,1.27,1.81,3.1,6.2,1.95,1.8,St. James' Park (Newcastle upon Tyne)
Tottenham Hotspur,Leicester City,8,3,0,1.95,0.79,6,2,8,4,2,2,"8,21,47,73,84,86","6,41",6,1,1,0,2,0,0,1,0,2,16,22,9,9,7,13,9,9,44,56,1.91,1.44,1.94,2.38,4.17,84,84,84,50,50,50,67,84,100,14,4,1.51,4.85,5.8,1.19,1.58,2.53,4.55,1.7,2.05,Tottenham Hotspur Stadium (London)
Brentford,Arsenal,8,2.33,2,1.95,2.05,0,3,3,2,0,2,,"17,28,49",3,3,0,0,2,0,0,0,0,2,6,14,3,8,3,6,10,10,36,64,1.9,1.62,0.84,1.82,3.67,50,100,67,50,17,50,100,33,84,10.67,3.33,4.13,3.69,1.8,1.21,1.62,2.73,4.5,1.67,2.1,Gtech Community Stadium (Brentford- Middlesex)
Everton,West Ham United,8,0.67,1,1.11,0.63,1,0,1,0,0,0,53,,5,14,3,0,1,0,1,2,0,1,8,15,3,5,5,10,8,11,54,46,1.69,1.42,1.19,1.73,1.34,33,33,17,0,0,0,33,33,50,9.67,3.67,2.86,3.2,2.46,1.31,2.02,3.25,6.25,1.8,1.95,Goodison Park (Liverpool)
Arsenal,Tottenham Hotspur,9,3,1.67,2.37,1.21,3,1,4,2,1,1,"20,49,67",31,5,2,2,0,1,1,0,2,0,2,23,8,10,4,13,4,10,10,65,35,2.5,1.51,2.86,0.99,3.34,84,100,67,33,17,17,84,67,100,11.66,3.67,2.05,3.7,3.3,1.23,1.81,2.82,5.2,1.62,2.2,Emirates Stadium (London)
AFC Bournemouth,Brentford,9,1.33,0.67,1.16,1.16,0,0,0,0,0,0,,,7,8,1,0,2,0,0,1,1,1,8,14,0,5,8,9,11,10,42,58,0.84,1.44,0.72,1.54,2.67,50,84,50,34,17,33,67,50,84,8.33,3.66,3.4,3.3,2.15,1.35,2.14,3.7,7.6,1.8,1.95,Vitality Stadium (Bournemouth- Dorset)
Crystal Palace,Chelsea,9,1.33,1,1.47,1,1,2,3,2,1,1,7,"38,90",5,2,1,0,3,0,1,0,1,2,8,14,4,4,4,10,11,13,36,64,1.74,1.8,1.06,1.55,2.5,50,84,50,17,0,50,84,34,67,12,3.33,4.4,3.5,1.83,1.35,2.1,3.75,7.6,1.91,1.91,Selhurst Park (London)
Fulham,Newcastle United,9,2.33,0.67,1.53,1.68,1,4,5,3,0,3,88,"11,33,43,57",1,8,2,1,0,0,2,1,0,0,5,19,2,11,3,8,9,10,32,68,1.57,1.35,0.62,2.42,2.84,84,84,67,34,17,17,67,67,84,9.66,4.33,3,3.4,2.3,1.31,1.98,3.35,6.8,1.7,2.05,Craven Cottage (London)
Liverpool,Brighton & Hove Albion,9,2.33,2,2.32,1.47,3,3,6,3,1,2,"33,54,63","4,17,83",9,2,1,0,1,0,0,1,1,0,21,7,10,7,11,0,9,13,54,46,2.7,1.4,2.5,1.25,3.67,67,100,67,17,17,33,84,50,100,11.33,2,1.33,4.8,9.5,1.2,1.6,2.58,4.7,1.91,1.91,Anfield (Liverpool)
Southampton,Everton,9,1.33,0.67,0.58,0.79,1,2,3,0,0,0,49,"52,54",7,6,2,0,2,0,1,1,0,2,21,15,7,7,14,8,11,10,54,46,1.71,1.36,2.24,1.73,2.5,84,84,50,17,0,17,67,33,84,9,3,2.15,3.4,3.3,1.33,2.04,3.53,7.2,1.75,2,St. Mary's Stadium (Southampton- Hampshire)
West Ham United,Wolverhampton Wanderers,9,0.33,0.33,1.47,0.58,2,0,2,1,1,0,"29,54",,1,6,2,0,2,0,0,2,2,0,19,16,6,5,13,11,9,6,40,60,1.23,1.92,1.86,1.88,1.67,33,67,17,0,0,17,67,0,84,8,2.33,1.97,3.51,3.89,1.37,1.89,3.56,7,1.95,1.8,London Stadium (London)
Manchester City,Manchester United,9,3,2,2.74,1.42,6,3,9,4,4,0,"8,34,37,44,64,73","56,84,90'1",5,1,0,0,3,0,0,0,2,1,23,13,11,8,12,5,3,9,54,46,2.34,1.53,2.56,1.6,3.67,17,67,67,67,34,67,84,34,67,11.67,3.66,1.33,5.2,8,1.14,1.49,2.1,3.3,1.7,2.05,Etihad Stadium (Manchester)
Leeds United,Aston Villa,9,2.33,0,1.16,1.21,0,0,0,0,0,0,,,2,9,4,1,2,0,3,2,1,1,7,20,2,8,5,12,23,12,44,56,1.73,1.17,0.77,2.21,2.84,67,100,67,17,0,50,100,34,100,10,4,2.6,3.6,2.6,1.28,1.67,3.1,6.2,1.62,2.2,Elland Road (Leeds- West Yorkshire)
Leicester City,Nottingham Forest,9,0.33,0.33,1,0.42,4,0,4,3,3,0,"25,27,35,73",,6,6,2,0,4,0,0,2,2,2,18,11,8,4,10,7,13,12,52,48,1.26,1,1.99,1.15,3,50,84,50,33,17,17,50,84,84,4,3,1.78,3.85,4.35,1.21,1.68,2.66,4.6,1.67,2.1,King Power Stadium (Leicester- Leicestershire)
AFC Bournemouth,Leicester City,10,1.25,0,1.16,0.79,2,1,3,1,0,1,"68,71",10,7,2,1,0,2,0,1,0,0,2,10,10,6,5,4,5,8,16,44,56,0.81,1.67,1.48,1.27,3.63,50,75,63,38,38,50,63,50,75,8,3.5,3.44,3.55,2.14,1.27,1.76,3.05,6.2,1.67,2.1,Vitality Stadium (Bournemouth- Dorset)
Chelsea,Wolverhampton Wanderers,10,2.33,0.25,1.32,0.58,3,0,3,1,1,0,"45'3,54,89",,4,2,2,0,0,0,1,1,0,0,20,9,8,3,12,6,8,8,57,43,1.51,1.91,2.21,1.1,2.42,63,75,63,17,0,13,42,50,88,12.25,4.58,1.4,4.85,8.37,1.28,1.84,3.2,6.2,2.2,1.62,Stamford Bridge (London)
Manchester City,Southampton,10,3,0.75,2.74,0.74,4,0,4,2,2,0,"20,32,49,65",,9,1,0,0,1,0,0,0,1,0,22,6,9,0,13,6,4,8,65,35,2.39,1.11,2.46,0.59,4.38,50,75,75,63,50,63,88,63,75,12,1.75,1.13,9.6,19.66,1.08,1.26,1.65,2.78,2,1.75,Etihad Stadium (Manchester)
Newcastle United,Brentford,10,1.5,0.75,2.05,1.16,5,1,6,2,2,0,"21,28,56,82,90",54,9,5,0,0,1,0,0,0,1,0,17,9,8,5,9,4,14,9,54,46,2.41,1.47,1.97,1.26,2.63,63,75,38,38,25,25,38,75,75,15,3.5,1.79,3.85,4.51,1.26,1.8,3,5.8,1.7,2.05,St. James' Park (Newcastle upon Tyne)
Brighton & Hove Albion,Tottenham Hotspur,10,2.33,1.25,1.79,1.21,0,1,1,1,0,1,,22,6,2,1,0,2,0,0,1,2,0,15,9,5,4,10,5,9,14,59,41,2.02,1.38,1.81,1.06,2.84,54,67,42,42,17,29,67,42,84,10.33,3.92,3.25,3.45,2.12,1.33,1.78,3.45,7,1.7,2.05,The American Express Community Stadium (Falmer- East Sussex)
Crystal Palace,Leeds United,10,1,0.33,1.47,0.47,2,1,3,2,1,1,"24,76",10,5,3,3,0,3,0,2,1,0,3,14,11,6,5,8,6,13,23,55,45,1.57,1.53,1.6,1.45,3.38,71,84,59,46,17,42,54,59,100,8.67,3.92,1.95,3.9,4.04,1.29,1.86,3.15,6.2,1.7,2.05,Selhurst Park (London)
West Ham United,Fulham,10,1,1,1.47,1.21,3,1,4,2,1,1,"29,62,90'1",5,4,2,1,0,3,0,0,1,1,2,17,9,8,3,9,6,9,7,50,50,1.39,1.31,1.91,1.08,2.38,50,88,38,13,13,0,75,38,88,7,5,1.93,3.88,4.16,1.27,1.75,3.05,6,1.75,2,London Stadium (London)
Arsenal,Liverpool,10,3,0.67,2.37,1.21,3,2,5,3,2,1,"1,45'5,76","34,53",4,3,1,0,2,0,1,0,1,1,12,9,8,4,4,5,7,8,44,56,2.59,2.07,1.68,1.13,3.17,84,84,84,42,13,25,71,84,84,14.5,2.75,2.65,3.7,2.5,1.2,1.6,2.54,4.4,1.53,2.38,Emirates Stadium (London)
Everton,Manchester United,10,1.25,1.5,1.11,1.42,1,2,3,3,1,2,5,"15,44",5,4,2,0,1,0,0,2,0,1,11,13,3,5,8,8,7,13,40,60,1.57,1.55,1.22,1.55,2.38,25,38,25,25,13,25,50,25,50,7.75,6,4.15,3.8,1.83,1.29,1.85,3.09,5.5,1.7,2.05,Goodison Park (Liverpool)
Nottingham Forest,Aston Villa,10,0.75,0.25,1.58,1.21,1,1,2,2,1,1,15,22,1,4,3,0,3,0,2,1,1,2,7,13,4,3,3,10,13,19,40,60,1.53,1.43,1.04,1.48,2.75,50,75,50,38,25,25,88,50,75,9.25,5.75,3.55,3.5,1.99,1.33,1.88,3.4,6.5,1.8,1.95,The City Ground (Nottingham- Nottinghamshire)
Brentford,Brighton & Hove Albion,11,1.75,1.75,1.95,1.47,2,0,2,1,1,0,"27,64",,2,11,3,0,1,0,1,2,1,0,8,22,3,8,5,14,12,15,28,72,1.63,1.36,0.98,2.51,3.75,63,100,75,38,25,63,88,38,88,8,1.75,2.98,3.4,2.48,1.35,2.05,3.7,7.6,1.75,2,Gtech Community Stadium (Brentford- Middlesex)
Leicester City,Crystal Palace,11,1,0.67,1,0.89,0,0,0,0,0,0,,,9,2,2,0,2,0,0,2,2,0,15,9,7,2,8,7,18,13,53,47,1.44,1.32,1.82,0.95,2.84,59,71,54,42,17,29,71,42,71,6.17,3.58,2.1,3.35,3.3,1.3,1.78,3.23,5.5,1.67,2.1,King Power Stadium (Leicester- Leicestershire)
Fulham,AFC Bournemouth,11,1.75,1,1.53,0.89,2,2,4,3,1,2,"22,52","2,29",5,6,2,0,0,0,1,1,0,0,20,11,5,7,15,4,9,11,69,31,1.34,0.9,2.19,1.36,4.63,75,100,88,75,50,63,75,88,100,5.75,4.5,1.74,3.8,4.05,1.3,1.8,3.31,5.5,1.8,1.95,Craven Cottage (London)
Wolverhampton Wanderers,Nottingham Forest,11,1.25,0.25,1.58,0.42,1,0,1,0,0,0,56,,4,5,2,0,2,0,0,2,1,1,13,11,4,3,9,8,17,13,58,42,1.04,1.04,1.42,1.14,2.5,25,75,38,25,13,38,63,38,75,7.25,5.75,1.74,3.5,4.5,1.35,1.99,3.68,6.5,1.95,1.8,Molineux Stadium (Wolverhampton- West Midlands)
Tottenham Hotspur,Everton,11,3,1.25,1.95,0.79,2,0,2,0,0,0,"59,86",,7,1,1,0,4,0,1,0,2,2,22,5,8,0,14,5,12,13,62,38,1.92,1.45,2.4,0.45,3.38,88,88,63,25,25,25,75,63,100,13.75,4.25,1.28,5.5,9.75,1.26,1.73,3,5.9,1.95,1.8,Tottenham Hotspur Stadium (London)
Aston Villa,Chelsea,11,1.75,1.5,2,1,0,2,2,1,0,1,,"6,65",7,1,0,0,3,0,0,0,1,2,19,9,8,5,11,4,12,11,41,59,1.26,1.74,2.08,1.26,2.13,50,63,50,0,0,38,75,25,63,10.5,5,4,3.6,1.85,1.32,1.8,3.49,6,1.8,1.95,Villa Park (Birmingham)
Leeds United,Arsenal,11,2,2.25,1.16,2.05,0,1,1,1,0,1,,35,6,3,0,0,2,0,0,0,0,2,18,11,7,6,11,5,10,11,47,53,1.49,1.67,2.02,1.35,2.5,38,88,63,13,0,50,88,13,88,9.75,4.5,4.75,3.9,1.67,1.19,1.6,2.59,4.2,1.7,2.05,Elland Road (Leeds- West Yorkshire)
Manchester United,Newcastle United,11,2,1.25,2.53,1.68,0,0,0,0,0,0,,,4,4,3,0,1,0,0,3,1,0,18,10,6,3,12,7,13,11,63,37,1.6,1.62,1.97,1.08,2.92,88,88,75,29,13,29,88,59,88,10.67,4.83,1.95,3.6,3.6,1.22,1.67,2.75,4.75,1.62,2.2,Old Trafford (Manchester)
Southampton,West Ham United,11,1,0.75,0.58,0.63,1,1,2,1,1,0,20,64,4,14,1,0,1,0,1,0,0,1,10,27,7,5,3,22,7,3,39,61,1.84,1.5,1.39,2.57,2.13,50,50,50,13,0,13,25,38,75,11.25,2.25,2.75,3.3,2.5,1.3,1.8,3.31,5.75,1.7,2.05,St. Mary's Stadium (Southampton- Hampshire)
Liverpool,Manchester City,11,2,2,2.32,1.95,1,0,1,0,0,0,76,,5,6,3,0,1,0,0,3,0,1,14,17,4,6,10,11,9,7,36,64,2.65,1.96,1.41,2.03,4.13,63,100,63,38,38,50,88,63,100,13.5,2.25,3.7,3.9,1.83,1.14,1.46,2.1,3.4,1.5,2.5,Anfield (Liverpool)
Brighton & Hove Albion,Nottingham Forest,12,1.75,0.2,1.79,0.42,0,0,0,0,0,0,,,9,1,3,0,1,0,0,3,0,1,19,3,8,0,11,3,10,14,70,30,1.97,1.06,2.22,0.38,2.63,23,53,33,33,23,33,45,43,75,10,3.9,1.53,4.58,6.9,1.27,1.82,3.05,6.2,1.93,1.77,The American Express Community Stadium (Falmer- East Sussex)
Crystal Palace,Wolverhampton Wanderers,12,1.4,0.2,1.47,0.58,2,1,3,1,0,1,"47,70",31,4,2,3,0,1,0,2,1,1,0,15,11,5,5,10,6,14,18,51,49,1.57,1.75,1.69,1.33,2.3,50,80,50,10,0,40,70,30,90,8.8,2.6,2.21,3.5,3.6,1.38,2.15,3.95,8.2,1.88,1.8,Selhurst Park (London)
AFC Bournemouth,Southampton,12,1.6,0.6,1.16,0.74,0,1,1,1,0,1,,9,7,3,1,0,3,0,1,0,2,1,17,9,5,4,12,5,8,13,53,47,0.94,1.01,1.93,1.17,2.2,30,60,50,20,10,30,70,40,60,8.2,3.2,2.75,3.1,2.6,1.3,2.15,3.2,6.25,1.75,2,Vitality Stadium (Bournemouth- Dorset)
Brentford,Chelsea,12,2,1.8,1.95,1,0,0,0,0,0,0,,,6,2,0,0,0,0,0,0,0,0,9,15,5,6,4,9,7,7,34,66,1.5,1.65,1.31,1.96,3,40,90,60,20,10,60,100,10,70,10.2,3.8,4.75,3.6,1.73,1.25,1.85,2.87,5.25,1.8,1.95,Gtech Community Stadium (Brentford- Middlesex)
Newcastle United,Everton,12,1.8,1,2.05,0.79,1,0,1,1,1,0,30,,8,2,2,0,4,0,2,0,2,2,17,2,5,0,12,2,9,12,50,50,2.32,1.25,1.73,0.38,2.8,70,90,40,20,20,20,50,70,90,13.6,4,1.6,3.8,5.5,1.29,1.87,3.06,5.75,1.91,1.91,St. James' Park (Newcastle upon Tyne)
Liverpool,West Ham United,12,2.2,0.8,2.32,0.63,1,0,1,1,1,0,22,,8,3,0,0,0,0,0,0,0,0,23,9,7,4,16,5,9,8,54,46,2.4,1.71,2.25,1.14,2.9,50,60,40,20,20,20,60,40,90,15.8,2.6,1.4,4.75,7,1.16,1.53,2.38,3.7,1.7,2.05,Anfield (Liverpool)
Manchester United,Tottenham Hotspur,12,1.75,1.6,2.53,1.21,2,0,2,0,0,0,"47,69",,8,3,1,0,0,0,0,1,0,0,29,9,11,3,18,6,7,7,52,48,1.69,1.32,3.03,1.04,2.55,68,78,58,33,0,23,88,45,78,7.3,5.45,2.25,3.5,3,1.2,1.61,2.73,4.5,1.57,2.25,Old Trafford (Manchester)
Fulham,Aston Villa,12,1.6,0.4,1.53,1.21,3,0,3,1,1,0,"36,68,84",,9,7,0,0,2,1,0,0,0,3,20,13,9,7,11,6,11,10,61,39,1.51,1.44,2.22,1.54,3.2,80,90,70,50,20,50,80,60,80,8.4,5,2.57,3.5,2.74,1.33,1.89,3.45,7,1.7,2.05,Craven Cottage (London)
Leicester City,Leeds United,12,1,0.25,1,0.47,2,0,2,2,2,0,"16,35",,2,9,2,0,1,0,0,2,1,0,6,15,2,3,4,12,15,11,47,53,1.52,1.51,0.83,1.41,3.08,58,68,68,45,13,35,55,45,80,8.85,4.15,2.03,3.7,3.6,1.24,1.76,2.87,5.4,1.62,2.2,King Power Stadium (Leicester- Leicestershire)
Nottingham Forest,Liverpool,13,0.8,0.5,1.58,1.21,1,0,1,0,0,0,55,,2,11,2,0,1,0,0,2,0,1,11,16,8,8,3,8,14,8,25,75,1.43,1.83,1.44,2.11,3,68,78,58,45,33,33,88,58,68,9.8,4.65,12.5,6.85,1.26,1.13,1.5,2.01,3.7,1.75,1.95,The City Ground (Nottingham- Nottinghamshire)
Everton,Crystal Palace,13,1,0.75,1.11,0.89,3,0,3,1,1,0,"11,63,84",,3,4,3,0,4,0,0,3,0,4,12,9,7,3,5,6,16,14,47,53,1.5,1.23,1.58,1,1.7,45,45,23,13,13,23,45,23,45,7.9,4.85,2.64,3.36,2.95,1.36,2.04,3.75,7.6,1.78,1.9,Goodison Park (Liverpool)
Manchester City,Brighton & Hove Albion,13,3,1.4,2.74,1.47,3,1,4,2,2,0,"22,43,75",53,6,3,1,0,3,0,0,1,1,2,11,11,5,3,6,8,11,12,48,52,2.41,1.59,1.31,1.26,4.5,50,100,80,60,40,70,90,60,100,12.6,1,1.2,6.45,11.98,1.14,1.41,2.11,3.7,1.9,1.77,Etihad Stadium (Manchester)
Chelsea,Manchester United,13,2.5,1.8,1.32,1.42,1,1,2,0,0,0,87,90'4,6,4,1,0,4,0,0,1,1,3,7,14,3,7,4,7,8,10,47,53,1.69,1.55,1.06,1.7,3.43,58,80,80,33,10,30,65,60,70,8.85,5.8,2.2,3.45,3.35,1.24,1.86,2.89,5.5,1.68,2.05,Stamford Bridge (London)
Aston Villa,Brentford,13,1.4,0.6,2,1.16,4,0,4,3,3,0,"2,7,14,59",,7,6,1,0,0,0,1,0,0,0,18,11,10,4,8,7,14,11,45,55,1.42,1.43,2.06,1.27,2.6,60,70,40,30,20,20,60,60,80,10,3.6,2.05,3.65,3.5,1.25,1.85,3.01,5.25,1.62,2.2,Villa Park (Birmingham)
Leeds United,Fulham,13,1.6,0.8,1.16,1.21,2,3,5,2,1,1,"20,90'1","26,74,84",3,6,1,0,1,0,1,0,0,1,15,12,6,5,9,7,12,8,58,42,1.59,1.26,1.71,1.36,2.4,60,70,60,20,10,30,70,40,70,9.6,5.4,2.1,3.5,3.5,1.25,1.77,2.84,5.25,1.67,2.1,Elland Road (Leeds- West Yorkshire)
Southampton,Arsenal,13,1,2.4,0.58,2.05,1,1,2,1,0,1,65,11,9,4,2,0,1,0,0,2,1,0,11,12,4,4,7,8,11,8,40,60,1.75,1.61,1.24,1.34,2.6,50,80,60,20,0,30,70,30,80,8.6,3.2,5.75,4.2,1.58,1.21,1.6,2.58,4.5,1.75,2,St. Mary's Stadium (Southampton- Hampshire)
Wolverhampton Wanderers,Leicester City,13,1.6,0,1.58,0.79,0,4,4,2,0,2,,"8,19,65,79",9,2,2,0,1,0,1,1,0,1,22,6,7,5,15,1,10,13,61,39,1.12,1.59,2.36,1,3.4,60,70,60,30,30,40,70,50,80,8,4.6,2.15,3.4,3.45,1.28,1.88,3.13,6,1.7,2.05,Molineux Stadium (Wolverhampton- West Midlands)
Tottenham Hotspur,Newcastle United,13,3,1.2,1.95,1.68,1,2,3,2,0,2,54,"31,40",6,7,4,0,2,0,1,3,0,2,18,14,6,6,12,8,12,6,52,48,2.02,1.51,1.9,1.74,2.9,60,70,50,30,30,30,60,60,80,13.8,3.4,1.87,3.75,3.8,1.27,1.7,3,5.9,1.67,2.1,Tottenham Hotspur Stadium (London)
West Ham United,AFC Bournemouth,13,1.4,1,1.47,0.89,2,0,2,1,1,0,"45,90'2",,5,0,0,0,2,0,0,0,0,2,21,6,5,4,16,2,9,11,54,46,1.49,0.99,1.98,0.91,3.6,50,100,50,50,20,50,90,40,100,5.8,2.8,1.55,4.6,6.1,1.32,1.75,3.38,6.4,1.8,1.95,London Stadium (London)
Leicester City,Manchester City,14,1.33,1.6,1,1.95,0,1,1,0,0,0,,49,3,10,0,0,0,0,0,0,0,0,11,17,6,6,5,11,5,10,35,65,1.4,1.98,1.28,2.11,2.57,37,74,45,27,10,37,64,37,75,9.37,2.5,10,6,1.25,1.13,1.36,2.02,3.4,1.8,1.95,King Power Stadium (Leicester- Leicestershire)
AFC Bournemouth,Tottenham Hotspur,14,1.33,1.33,1.16,1.21,2,3,5,1,1,0,"22,49","57,73,90'2",2,19,1,0,2,0,0,1,0,2,7,28,5,7,2,21,10,5,31,69,1.1,1.27,1.02,2.9,2,34,67,33,17,0,17,75,34,67,8,3.5,5.5,4,1.6,1.27,1.75,3.05,6,1.8,1.95,Vitality Stadium (Bournemouth- Dorset)
Brentford,Wolverhampton Wanderers,14,1.83,0.17,1.95,0.58,1,1,2,0,0,0,50,52,3,6,3,0,3,1,0,3,2,2,11,16,4,5,7,11,10,17,59,41,1.47,1.68,1.36,1.63,2.5,33,75,50,17,9,34,75,25,75,9,2.17,2.2,3.4,3.2,1.33,2.08,3.45,7,1.75,2,Gtech Community Stadium (Brentford- Middlesex)
Brighton & Hove Albion,Chelsea,14,1.6,1.67,1.79,1,4,1,5,3,3,0,"5,14,42,90'2",48,8,7,1,0,2,0,0,1,1,1,21,17,8,8,13,9,16,6,41,59,2.02,1.7,2.15,2.05,1.9,27,44,35,10,10,35,62,10,45,12.4,3.8,3,3.4,2.3,1.34,1.88,3.55,7.2,1.75,2,The American Express Community Stadium (Falmer- East Sussex)
Crystal Palace,Southampton,14,1.67,1,1.47,0.74,1,0,1,1,1,0,38,,8,4,3,0,3,0,1,2,3,0,15,16,5,6,10,10,13,12,45,55,1.59,1.03,1.76,1.82,2.67,58,75,59,25,9,42,83,50,75,7.5,3.5,1.95,3.5,3.9,1.35,1.98,3.75,7.6,1.91,1.91,Selhurst Park (London)
Newcastle United,Aston Villa,14,2,0.33,2.05,1.21,4,0,4,1,1,0,"45'6,56,59,67",,3,0,1,0,1,0,0,1,1,0,20,4,8,0,12,4,11,11,60,40,2.23,1.46,2.23,0.45,2.58,50,75,42,25,17,33,67,59,67,14,4.34,1.8,3.6,4.33,1.28,1.98,3.4,6.8,1.8,1.95,St. James' Park (Newcastle upon Tyne)
Fulham,Everton,14,1.83,0.83,1.53,0.79,0,0,0,0,0,0,,,13,4,2,0,1,0,1,1,0,1,25,10,7,5,18,5,10,8,57,43,1.63,1.11,2.61,1.2,3.09,75,92,67,34,17,25,75,67,92,8.67,4.84,2.08,1.4,2.73,1.3,1.76,3.3,6.4,1.67,2.1,Craven Cottage (London)
Liverpool,Leeds United,14,2.33,0.2,2.32,0.47,1,2,3,2,1,1,14,"4,89",14,4,0,0,1,0,0,0,0,1,23,15,11,7,12,8,9,3,69,31,2.38,1.49,2.81,1.72,3.54,55,74,55,37,27,47,72,45,82,13.03,3.73,1.27,5.6,7.2,1.11,1.31,1.96,3.05,1.62,2.2,Anfield (Liverpool)
Arsenal,Nottingham Forest,14,3,0.33,2.37,0.42,5,0,5,1,1,0,"5,49,52,57,78",,9,4,0,0,1,0,0,0,1,0,24,6,9,3,15,3,9,8,69,31,2.4,0.95,2.73,0.75,3.35,59,84,67,47,29,47,57,75,92,9.47,3.77,1.2,7.5,16,1.14,1.45,2.2,3.85,2.05,1.7,Emirates Stadium (London)
Manchester United,West Ham United,14,2,0.67,2.53,0.63,1,0,1,1,1,0,38,,5,10,1,0,3,0,0,1,1,2,17,14,4,5,13,9,12,10,53,47,1.96,1.62,1.71,1.67,1.95,47,57,39,10,0,10,55,39,74,12.37,3.63,1.71,4.11,5.06,1.24,1.85,2.91,5.5,1.75,2,Old Trafford (Manchester)
Leeds United,AFC Bournemouth,15,1.33,0.83,1.16,0.89,4,3,7,3,1,2,"3,60,68,84","7,19,48",13,3,2,0,2,0,0,2,1,1,17,6,5,5,12,1,16,10,61,39,1.61,0.98,1.92,0.94,3.33,50,84,59,42,25,59,83,34,84,7.67,3.33,1.87,3.65,3.8,1.24,1.75,2.89,5.4,1.7,2.05,Elland Road (Leeds- West Yorkshire)
Manchester City,Fulham,15,3,1.17,2.74,1.21,2,1,3,2,1,1,"16,90'5",28,9,0,2,1,4,0,2,1,2,2,17,5,6,3,11,2,6,11,71,29,2.22,1.28,1.94,0.66,4.42,67,92,92,75,42,67,84,83,92,12.16,3.33,1.13,8.2,15,1.07,1.28,1.67,2.54,1.95,1.8,Etihad Stadium (Manchester)
Nottingham Forest,Brentford,15,1.17,0.5,1.58,1.16,2,2,4,2,1,1,"20,90'6","45'3,75",3,3,2,0,2,0,2,0,1,1,17,8,8,3,9,5,10,11,48,52,1.43,1.4,2.08,0.99,3.09,59,75,50,50,33,42,75,50,75,9.17,4.34,2.85,3.35,2.38,1.34,1.94,3.6,7.2,1.7,2.05,The City Ground (Nottingham- Nottinghamshire)
Wolverhampton Wanderers,Brighton & Hove Albion,15,1.33,1.17,1.58,1.47,2,3,5,4,2,2,"12,35","10,44,83",4,9,2,1,0,0,1,2,0,0,11,20,6,9,5,11,15,11,29,71,1.32,1.53,1.35,2.28,2.58,42,75,50,25,9,42,75,34,84,9.5,4,2.95,3.3,2.33,1.35,2.02,3.6,7.4,1.8,1.95,Molineux Stadium (Wolverhampton- West Midlands)
Everton,Leicester City,15,1.33,0.5,1.11,0.79,0,2,2,1,0,1,,"45,86",8,3,0,0,0,0,0,0,0,0,13,23,3,9,10,14,9,5,49,51,1.51,1.49,1.47,2.39,3.42,58,75,67,34,25,42,67,67,75,8.17,4.17,2.31,3.42,3.03,1.34,1.94,3.55,7.2,1.75,2,Goodison Park (Liverpool)
Chelsea,Arsenal,15,2.2,2.17,1.32,2.05,0,1,1,0,0,0,,63,4,6,5,0,2,0,1,4,1,1,6,15,2,3,4,12,20,13,44,56,1.56,1.56,0.78,1.59,2.75,57,92,65,19,0,17,70,59,92,10.2,4.43,2.49,3.31,2.75,1.3,1.84,3.25,6.4,1.67,2.1,Stamford Bridge (London)
Aston Villa,Manchester United,15,1.67,1.67,2,1.42,3,1,4,3,2,1,"7,11,49",45,3,5,3,0,3,0,1,2,1,2,7,8,5,5,2,3,6,12,42,58,1.53,1.57,1,1.3,2.75,42,67,42,25,9,34,67,33,67,7.66,5,3.29,3.49,2.09,1.28,1.81,3.15,6.2,1.7,2.05,Villa Park (Birmingham)
Southampton,Newcastle United,15,1,1.5,0.58,1.68,1,4,5,1,0,1,89,"35,58,62,90'1",8,2,1,0,0,0,0,1,0,0,17,8,6,5,11,3,7,10,56,44,1.67,1.55,1.94,1.1,2.34,75,75,50,17,9,25,59,33,75,11.16,2.83,3.39,3.39,2.09,1.3,1.79,3.3,6.4,1.75,2,St. Mary's Stadium (Southampton- Hampshire)
West Ham United,Crystal Palace,15,1.67,0.6,1.47,0.89,1,2,3,2,1,1,20,"41,90'4",2,5,1,0,1,0,0,1,0,1,6,14,3,6,3,8,10,7,42,58,1.57,1.18,0.78,1.62,2.27,37,80,29,19,10,19,80,29,80,5.97,3.77,1.92,3.51,3.83,1.35,1.96,3.75,7.6,1.95,1.8,London Stadium (London)
Tottenham Hotspur,Liverpool,15,2.5,0.4,1.95,1.21,1,2,3,2,0,2,70,"11,40",5,3,0,0,0,0,0,0,0,0,15,14,6,7,9,7,10,8,47,53,2,1.89,1.91,1.65,3.14,64,72,64,37,27,35,64,64,90,14.83,3.53,2.95,3.6,2.22,1.23,1.67,2.38,5.1,1.53,2.38,Tottenham Hotspur Stadium (London)
Manchester City,Brentford,16,3,0.57,2.74,1.16,1,2,3,2,1,1,45'1,"16,90'8",10,2,2,0,2,0,1,1,0,2,29,11,6,8,23,3,9,7,75,25,2.18,1.34,3.04,1.49,4.36,64,93,86,79,36,79,86,71,93,13.29,2.15,1.14,8.5,17,1.1,1.26,1.9,3,2.05,1.7,Etihad Stadium (Manchester)
AFC Bournemouth,Everton,16,1.14,0.86,1.16,0.79,3,0,3,2,2,0,"18,25,69",,3,5,2,0,0,0,2,0,0,0,15,16,8,4,7,12,12,8,36,64,1.09,1.12,1.79,1.65,1.93,43,64,36,7,7,7,64,36,64,8.71,4,3.08,3.04,2.26,1.37,2,3.8,7.8,1.8,1.95,Vitality Stadium (Bournemouth- Dorset)
Liverpool,Southampton,16,2,0.86,2.32,0.74,3,1,4,4,3,1,"6,21,42",9,6,0,0,0,2,0,0,0,1,1,16,10,8,6,8,4,8,8,60,40,2.44,1.15,1.98,1.4,2.93,43,57,50,29,22,36,86,43,65,12.14,3,1.27,6.15,9.6,1.11,1.4,1.95,3.25,1.8,1.95,Anfield (Liverpool)
Nottingham Forest,Crystal Palace,16,1.14,1,1.58,0.89,1,0,1,0,0,0,54,,1,5,1,0,4,0,0,1,1,3,10,9,3,2,7,7,11,13,32,68,1.53,1.26,1.04,1.1,2.6,54,69,47,30,23,38,77,38,69,6.6,5.33,3.24,3.38,2.23,1.38,2.09,3.95,8.2,1.91,1.91,The City Ground (Nottingham- Nottinghamshire)
Tottenham Hotspur,Leeds United,16,2.14,0.67,1.95,0.47,4,3,7,3,1,2,"25,51,81,83","10,43,76",9,2,1,0,2,1,0,1,0,3,15,12,8,7,7,5,8,7,55,45,1.99,1.53,1.96,1.55,3.45,69,85,69,31,23,62,69,45,92,12.43,4.17,1.57,4.36,5.4,1.21,1.6,2.65,4.85,1.67,2.1,Tottenham Hotspur Stadium (London)
West Ham United,Leicester City,16,1.43,0.86,1.47,0.79,0,2,2,1,0,1,,"8,78",7,2,3,0,1,0,1,2,0,1,19,8,8,4,11,4,9,8,54,46,1.46,1.62,2.17,1,3.57,57,100,58,36,22,43,93,50,100,6.14,2.43,1.88,3.74,3.92,1.31,1.82,3.4,6.8,1.75,2,London Stadium (London)
Newcastle United,Chelsea,16,2.14,1.43,2.05,1,1,0,1,0,0,0,67,,5,3,4,0,2,0,0,4,1,1,11,6,4,3,7,3,14,11,49,51,2.23,1.75,1.32,0.82,2.72,43,71,50,29,22,43,72,43,64,13.43,3.57,2.2,3.3,3.2,1.3,1.95,3.3,6.4,1.7,2.05,St. James' Park (Newcastle upon Tyne)
Wolverhampton Wanderers,Arsenal,16,1.14,2.29,1.58,2.05,0,2,2,0,0,0,,"54,75",6,4,3,0,2,0,2,1,0,2,12,15,3,5,9,10,5,6,37,63,1.33,1.57,1.23,1.73,2.29,29,64,43,22,7,36,79,14,79,9.43,4.86,6,3.9,1.55,1.26,1.85,3,5.8,1.8,1.95,Molineux Stadium (Wolverhampton- West Midlands)
Brighton & Hove Albion,Aston Villa,16,1.83,0.29,1.79,1.21,1,2,3,2,1,1,1,"20,54",11,4,2,0,7,0,0,2,1,6,8,9,3,3,5,6,14,11,65,35,2.04,1.31,1.2,0.93,2.45,38,60,45,31,17,31,68,45,61,11.79,4.1,1.85,3.5,4.2,1.31,1.97,3.4,6.8,1.8,1.95,The American Express Community Stadium (Falmer- East Sussex)
Fulham,Manchester United,16,1.71,1.43,1.53,1.42,1,2,3,1,0,1,61,"14,90'3",10,3,1,0,1,0,1,0,0,1,15,15,8,10,7,5,9,10,53,47,1.77,1.53,1.98,1.9,3.43,64,79,72,50,22,50,71,50,72,9,5.14,4.28,4.24,1.83,1.21,1.62,2.62,4.75,1.57,2.25,Craven Cottage (London)
Brentford,Tottenham Hotspur,17,1.71,1.57,1.95,1.21,2,2,4,1,1,0,"15,54","65,71",6,5,3,0,1,0,0,3,0,1,10,17,6,9,4,8,11,10,39,61,1.45,1.5,1.36,2.11,2.86,50,86,43,36,14,29,79,43,79,9.71,3.29,4.05,3.75,1.92,1.25,1.91,3,5.25,1.67,2.1,Gtech Community Stadium (Brentford- Middlesex)
Crystal Palace,Fulham,17,1.86,1,1.47,1.21,0,3,3,1,0,1,,"31,71,80",1,7,1,2,0,0,2,1,0,0,5,22,0,11,5,11,12,15,36,64,1.62,1.19,0.41,2.72,2.93,79,86,72,29,15,43,79,57,86,8.42,5.14,2.05,3.7,3.5,1.33,1.98,3.5,7.2,1.75,2,Selhurst Park (London)
Everton,Wolverhampton Wanderers,17,1.14,0.29,1.11,0.58,1,2,3,2,1,1,7,"22,90'5",2,2,1,0,6,0,1,0,0,6,13,8,6,5,7,3,9,22,59,41,1.51,1.67,1.61,1.14,1.86,36,64,36,0,0,14,57,36,72,9.86,3.86,2.37,3.4,3.1,1.4,2.15,4.05,8.6,1.91,1.91,Goodison Park (Liverpool)
Leicester City,Newcastle United,17,1.14,1.71,1,1.68,0,3,3,3,0,3,,"3,7,32",5,5,0,0,0,0,0,0,0,0,8,11,3,6,5,5,9,6,60,40,1.38,1.49,1.08,1.38,2.36,50,64,50,29,15,29,64,36,64,9.29,2.58,3.25,3.7,2.18,1.29,1.85,3.2,6.2,1.67,2.1,King Power Stadium (Leicester- Leicestershire)
Southampton,Brighton & Hove Albion,17,0.86,1.43,0.58,1.47,1,3,4,2,0,2,73,"14,35,56",4,2,1,0,2,0,0,1,0,2,14,9,4,6,10,3,9,10,34,66,1.7,1.64,1.51,1.39,3.22,79,93,64,36,22,36,72,43,93,10.57,2.29,3.45,3.65,2.09,1.31,1.95,3.4,6.8,1.75,2,St. Mary's Stadium (Southampton- Hampshire)
Aston Villa,Liverpool,17,1.86,0.83,2,1.21,1,3,4,2,0,2,59,"5,37,81",0,6,0,0,0,0,0,0,0,0,13,17,7,10,6,7,7,12,47,53,1.45,1.85,1.62,2.05,2.55,55,69,55,31,9,31,69,40,85,10.9,3.14,4.75,4.1,1.7,1.22,1.61,2.69,5,1.62,2.2,Villa Park (Birmingham)
Arsenal,West Ham United,17,3,0.57,2.37,0.63,3,1,4,1,0,1,"53,58,69",27,7,5,0,0,2,0,0,0,2,0,17,9,6,5,11,4,13,17,66,34,2.46,1.62,2.08,1.09,2.88,56,65,57,34,25,25,70,57,79,14.74,2.47,1.54,4.35,6.3,1.26,1.85,3,5.8,1.91,1.91,Emirates Stadium (London)
Chelsea,AFC Bournemouth,17,1.83,0.71,1.32,0.89,2,0,2,2,2,0,"16,24",,6,8,0,0,0,0,0,0,0,0,16,10,6,5,10,5,1,0,60,40,1.43,0.97,1.79,1.34,3.69,62,92,69,44,22,36,60,70,100,8.4,4.57,1.29,5,10,1.22,1.58,2.76,5.2,2.05,1.7,Stamford Bridge (London)
Manchester United,Nottingham Forest,17,2.17,0.29,2.53,0.42,3,0,3,2,2,0,"19,22,87",,9,9,3,0,1,0,1,2,1,0,18,9,9,4,9,5,13,4,66,34,1.92,0.92,2.22,1.19,2.52,32,69,47,30,15,23,55,54,77,8.03,4.5,1.25,5,11,1.2,1.58,2.33,4.85,2,1.75,Old Trafford (Manchester)
Leeds United,Manchester City,17,1.57,1.83,1.16,1.95,1,3,4,1,0,1,73,"45'1,51,64",3,5,3,0,3,0,0,3,0,3,10,27,2,10,8,17,11,14,31,69,1.66,2,1.02,2.74,2.75,45,69,45,23,23,45,68,31,86,12.29,2.69,9.5,6,1.29,1.13,1.44,2.05,3.5,1.8,1.95,Elland Road (Leeds- West Yorkshire)
West Ham United,Brentford,18,1.25,0.88,1.47,1.16,0,2,2,2,0,2,,"18,43",8,1,1,0,0,0,0,1,0,0,20,9,6,6,14,3,9,5,63,37,1.55,1.36,2.2,1.14,2.94,57,94,50,38,13,44,88,38,94,8.38,2.76,2.05,3.55,3.6,1.33,1.8,3.4,6,1.8,1.95,London Stadium (London)
Liverpool,Leicester City,18,2.13,1.13,2.32,0.79,2,1,3,3,2,1,"38,45",4,4,5,0,0,1,0,0,0,0,1,21,8,6,3,15,5,8,15,57,43,2.38,1.54,2.25,0.93,4.01,63,88,69,44,32,50,88,57,88,11.38,2.25,1.36,4.96,7.68,1.17,1.46,1.85,4,1.91,1.91,Anfield (Liverpool)
Wolverhampton Wanderers,Manchester United,18,1,1.63,1.58,1.42,0,1,1,0,0,0,,76,7,5,1,0,3,0,1,0,0,3,11,17,4,7,7,10,11,11,46,54,1.32,1.58,1.31,1.98,2.82,44,69,51,32,13,44,69,32,69,8.38,5.75,4,3.4,1.91,1.35,1.95,3.7,7.6,1.8,1.95,Molineux Stadium (Wolverhampton- West Midlands)
AFC Bournemouth,Crystal Palace,18,1.38,0.86,1.16,0.89,0,2,2,2,0,2,,"19,36",2,7,4,0,1,0,2,2,0,1,6,15,3,7,3,8,17,11,59,41,1.18,1.23,1,1.79,2.14,34,60,47,14,14,27,66,27,67,7.93,4.2,2.95,3.25,2.55,1.35,2.2,3.6,7,1.8,1.95,Vitality Stadium (Bournemouth- Dorset)
Fulham,Southampton,18,1.5,0.75,1.53,0.74,2,1,3,1,1,0,"32,88",56,4,4,0,0,1,0,0,0,0,1,8,11,3,5,5,6,8,13,63,37,1.79,1.18,1.07,1.24,2.94,57,69,69,44,19,38,82,57,63,9.38,3.88,2,3.7,3.65,1.25,1.84,2.84,5.4,1.62,2.2,Craven Cottage (London)
Manchester City,Everton,18,2.63,0.75,2.74,0.79,1,1,2,1,1,0,24,64,7,1,3,0,4,0,3,0,2,2,15,3,4,2,11,1,13,14,74,26,2.29,1.19,1.88,0.45,3.44,57,88,69,38,19,57,82,51,88,12.38,3.13,1.13,9,23,1.12,1.4,1.83,3.4,2.2,1.62,Etihad Stadium (Manchester)
Newcastle United,Leeds United,18,2.25,0.57,2.05,0.47,0,0,0,0,0,0,,,9,3,3,0,5,0,1,2,1,4,16,10,5,2,11,8,13,19,59,41,2.11,1.53,1.84,0.91,3.31,55,75,55,41,27,48,61,53,81,12.32,4.17,1.44,4.4,6.5,1.21,1.6,2.66,4.85,1.8,1.95,St. James' Park (Newcastle upon Tyne)
Brighton & Hove Albion,Arsenal,18,1.57,2.38,1.79,2.05,2,4,6,2,0,2,"65,77","2,39,47,71",7,4,3,0,3,0,1,2,2,1,10,15,6,8,4,7,7,11,68,32,1.92,1.59,1.41,1.76,2.34,34,59,41,21,15,34,66,27,73,12.25,3.59,4,3.55,1.95,1.27,1.9,3.12,5,1.67,2.1,The American Express Community Stadium (Falmer- East Sussex)
Tottenham Hotspur,Aston Villa,18,2.25,0.63,1.95,1.21,0,2,2,0,0,0,,"50,73",5,3,4,0,3,0,3,1,0,3,7,14,3,5,4,9,15,10,59,41,1.98,1.27,1.07,1.43,3.32,63,88,69,32,19,51,82,57,88,11.88,4.88,1.63,3.9,4.5,1.25,1.68,2.98,5.7,1.75,2,Tottenham Hotspur Stadium (London)
Nottingham Forest,Chelsea,18,1.38,1.25,1.58,1,1,1,2,1,0,1,63,16,1,2,2,0,2,0,1,1,0,2,13,8,6,3,7,5,16,14,28,72,1.46,1.63,1.53,1.01,2.44,44,63,44,26,19,44,75,26,69,8.13,4.75,5,3.7,1.7,1.31,1.7,3.4,6.8,1.95,1.8,The City Ground (Nottingham- Nottinghamshire)
Brentford,Liverpool,19,1.63,1.14,1.95,1.21,3,1,4,2,2,0,"19,42,84",50,4,9,1,0,3,0,1,0,1,2,11,17,8,7,3,10,5,8,27,73,1.44,1.88,1.46,2.02,2.93,61,80,61,41,14,41,73,48,81,11.04,2.49,5.11,4.82,1.52,1.19,1.57,2.4,4.55,1.65,2.1,Gtech Community Stadium (Brentford- Middlesex)
Arsenal,Newcastle United,19,3,1.88,2.37,1.68,0,0,0,0,0,0,,,5,5,4,0,5,0,3,1,2,3,18,9,5,2,13,7,10,16,67,33,2.4,1.47,1.99,1.02,3.46,75,88,82,48,34,41,81,69,82,12.39,2.27,1.84,3.85,4.1,1.25,1.76,2.98,5.6,1.67,2.1,Emirates Stadium (London)
Everton,Brighton & Hove Albion,19,1,1.63,1.11,1.47,1,4,5,1,0,1,90'2,"14,51,54,57",5,2,3,0,1,0,0,3,1,0,11,18,5,7,6,11,8,10,49,51,1.52,1.61,1.34,1.9,2.76,57,82,57,25,13,44,76,38,82,9.5,3.26,3.45,3.45,2.12,1.35,1.93,3.7,7.6,1.8,1.95,Goodison Park (Liverpool)
Leicester City,Fulham,19,1,1.25,1,1.21,0,1,1,1,0,1,,17,6,3,2,0,6,0,0,2,0,6,17,13,6,3,11,10,12,11,61,39,1.35,1.38,1.84,1.31,2.75,50,76,69,32,13,38,69,50,69,8.26,3.88,2.02,3.65,3.55,1.26,1.73,3,5.9,1.67,2.1,King Power Stadium (Leicester- Leicestershire)
Manchester United,AFC Bournemouth,19,2.29,0.63,2.53,0.89,3,0,3,1,1,0,"23,49,86",,6,5,0,0,3,0,0,0,1,2,19,8,7,5,12,3,13,7,59,41,1.96,1.02,2.12,1.15,3.34,47,86,60,39,19,52,80,47,80,8.96,3.95,1.26,6,11,1.17,1.52,2.3,4.3,1.95,1.8,Old Trafford (Manchester)
Southampton,Nottingham Forest,19,0.75,0.25,0.58,0.42,0,1,1,1,0,1,,27,6,2,2,0,2,0,1,1,2,0,9,13,0,2,9,11,14,16,62,38,1.68,0.95,0.98,1.19,2.94,51,82,57,38,19,32,57,50,88,9.13,3.13,1.81,3.65,4.1,1.35,2.06,3.7,7.6,1.91,1.91,St. Mary's Stadium (Southampton- Hampshire)
Leeds United,West Ham United,19,1.38,0.5,1.16,0.63,2,2,4,2,1,1,"27,70","45,46",8,1,3,0,1,0,2,1,0,1,14,19,6,4,8,15,11,18,63,37,1.58,1.56,1.66,1.82,2.44,51,57,44,26,13,25,76,32,69,13.13,3.25,2.8,3.45,2.39,1.26,1.83,3,5.9,1.62,2.2,Elland Road (Leeds- West Yorkshire)
Aston Villa,Wolverhampton Wanderers,19,1.63,0.63,2,0.58,1,1,2,1,0,1,78,12,7,8,1,0,3,0,0,1,2,1,14,12,4,4,10,8,6,12,56,44,1.47,1.6,1.66,1.28,2.38,50,75,50,19,0,32,69,38,88,8.13,4.01,2.12,3.45,3.25,1.35,2.05,3.7,7.6,1.8,1.95,Villa Park (Birmingham)
Crystal Palace,Tottenham Hotspur,19,1.63,1.5,1.47,1.21,0,4,4,0,0,0,,"48,53,68,72",10,4,1,0,2,0,0,1,1,1,20,15,5,7,15,8,11,8,47,53,1.46,1.58,2.12,1.75,2.82,63,88,57,32,7,26,88,57,88,9.38,4,3.55,3.55,1.96,1.3,1.94,3.3,6.4,1.7,2.05,Selhurst Park (London)
Chelsea,Manchester City,19,2,2,1.32,1.95,0,1,1,0,0,0,,63,3,2,2,0,0,0,0,2,0,0,9,13,3,4,6,9,9,9,48,52,1.48,2.1,1.12,1.59,2.64,50,79,50,22,7,22,50,57,93,11.72,3.71,5,3.75,1.67,1.25,1.72,2.8,5.25,1.8,1.95,Stamford Bridge (London)
Fulham,Chelsea,7,1.67,1.22,1.53,1,2,1,3,1,1,0,"25,73",47,5,7,4,0,3,1,2,2,1,3,9,21,4,11,5,10,12,16,48,52,1.71,1.56,1.22,2.36,2.78,61,78,67,28,17,39,78,45,78,10.78,3.78,4.08,3.92,1.94,1.22,1.81,2.65,4.75,1.7,2.05,Craven Cottage (London)
Aston Villa,Leeds United,20,1.56,0.63,2,0.47,2,1,3,1,1,0,"3,64",83,0,11,2,0,2,0,0,2,1,1,12,17,6,5,6,12,12,18,54,46,1.49,1.45,1.39,1.81,2.97,60,77,54,36,13,48,71,36,82,8.71,4.41,1.96,3.5,4.05,1.27,1.85,3,5.8,1.67,2.1,Villa Park (Birmingham)
Manchester United,Manchester City,20,2.38,2.13,2.53,1.95,2,1,3,0,0,0,"78,82",60,1,2,3,0,0,0,0,3,0,0,9,6,5,2,4,4,15,5,30,70,1.98,2.04,1.06,1.01,2.44,38,69,51,19,7,25,63,44,88,11.13,3.25,4.3,3.92,1.81,1.23,1.66,2.74,5.1,1.62,2.2,Old Trafford (Manchester)
Brighton & Hove Albion,Liverpool,20,1.38,1,1.79,1.21,3,0,3,0,0,0,"46,53,81",,7,1,1,0,3,0,1,0,2,1,15,7,8,3,7,4,8,15,62,38,1.86,1.89,1.91,0.82,2.94,63,63,63,44,26,50,69,51,76,14.51,3.01,3.9,3.75,1.82,1.19,1.57,2.3,4.45,1.53,2.38,The American Express Community Stadium (Falmer- East Sussex)
Everton,Southampton,20,0.89,0.67,1.11,0.74,1,2,3,1,1,0,39,"46,78",6,4,0,0,3,0,0,0,1,2,10,13,4,5,6,8,7,19,53,47,1.5,1.18,1.23,1.41,2.39,44,62,50,22,11,28,78,39,56,8.11,4,2.2,3.35,3.15,1.37,1.98,3.85,8,1.8,1.95,Goodison Park (Liverpool)
Nottingham Forest,Leicester City,20,1.33,1,1.58,0.79,2,0,2,0,0,0,"56,84",,3,5,1,0,2,0,0,1,1,1,14,6,4,2,10,4,11,12,39,61,1.47,1.48,1.46,0.86,3.39,62,84,56,39,28,45,84,50,84,6.11,3.89,3,3.4,2.25,1.31,1.86,3.35,6.8,1.7,2.05,The City Ground (Nottingham- Nottinghamshire)
Wolverhampton Wanderers,West Ham United,20,0.89,0.56,1.58,0.63,1,0,1,0,0,0,48,,4,3,0,0,2,0,0,0,0,2,17,17,5,3,12,14,10,7,58,42,1.31,1.59,1.7,1.67,2.06,33,50,33,22,6,22,62,28,73,12,4,2.65,3.2,2.65,1.42,2.2,4.2,8.8,1.91,1.91,Molineux Stadium (Wolverhampton- West Midlands)
Brentford,AFC Bournemouth,20,1.78,0.56,1.95,0.89,2,0,2,1,1,0,"39,75",,5,3,1,0,1,0,0,1,1,0,13,8,5,3,8,5,5,9,50,50,1.45,1.03,1.54,1.08,3.67,50,95,62,50,22,56,84,50,84,8.11,3.12,1.72,4.25,4.25,1.27,1.71,3.05,6,1.75,2,Gtech Community Stadium (Brentford- Middlesex)
Newcastle United,Fulham,20,2.11,1.44,2.05,1.21,1,0,1,0,0,0,89,,10,5,1,0,3,0,0,1,0,3,21,6,6,0,15,6,6,14,63,37,2.08,1.37,2.18,0.57,2.72,50,67,56,33,22,28,61,62,73,11.89,5.11,1.59,4.43,5.57,1.25,1.7,2.91,4.8,1.8,1.95,St. James' Park (Newcastle upon Tyne)
Chelsea,Crystal Palace,20,1.75,1.13,1.32,0.89,1,0,1,0,0,0,64,,11,7,2,0,5,0,0,2,2,3,21,13,7,6,14,7,10,17,63,37,1.44,1.3,2.36,1.71,2.26,44,69,44,13,7,26,51,44,76,9.38,4.88,1.49,4.48,7.01,1.3,1.81,3.36,6.25,1.95,1.8,Stamford Bridge (London)
Tottenham Hotspur,Arsenal,20,2,2.44,1.95,2.05,0,2,2,2,0,2,,"14,36",4,3,4,0,2,0,2,2,0,2,18,15,8,6,10,9,16,15,51,49,1.88,1.61,2.03,1.84,3.23,50,84,56,28,22,45,73,50,95,11.55,4.11,3.4,3.5,2.1,1.24,1.73,3.02,5,1.67,2.1,Tottenham Hotspur Stadium (London)
Crystal Palace,Manchester United,7,1.44,1.78,1.47,1.42,1,1,2,1,0,1,90'1,43,3,3,1,0,2,0,0,1,0,2,11,16,6,5,5,11,9,10,40,60,1.54,1.62,1.45,1.83,2.95,56,78,62,28,6,39,73,45,78,8.22,4.89,3.95,3.4,1.81,1.28,1.85,2.86,5,1.67,2.1,Selhurst Park (London)
Manchester City,Tottenham Hotspur,7,2.44,1.67,2.74,1.21,4,2,6,2,0,2,"51,53,63,90","44,45'2",8,3,1,0,2,0,1,0,2,0,17,10,7,4,10,6,10,14,59,41,2.24,1.6,2.02,1.15,3.84,62,95,73,62,22,50,89,62,95,13.11,3,1.31,5.66,7.87,1.14,1.49,2.3,3.85,1.7,2.05,Etihad Stadium (Manchester)
Liverpool,Chelsea,21,2.22,1.1,2.32,1,0,0,0,0,0,0,,,5,5,3,0,1,0,1,2,0,1,16,12,4,3,12,9,16,9,48,52,2.37,1.64,1.74,1.24,2.93,59,74,59,22,16,48,85,27,69,12.79,3.19,1.86,3.65,3.4,1.21,1.67,2.72,4.5,1.62,2.2,Anfield (Liverpool)
AFC Bournemouth,Nottingham Forest,21,1.22,0.56,1.16,0.42,1,1,2,1,1,0,28,83,4,6,1,0,2,0,1,0,1,1,16,21,4,7,12,14,10,7,43,57,1.16,0.98,1.6,2.22,2.39,17,67,44,22,17,33,67,33,67,7.66,3.78,2.45,3.25,2.55,1.38,2.02,3.85,8.2,1.91,1.91,Vitality Stadium (Bournemouth- Dorset)
Leicester City,Brighton & Hove Albion,21,0.89,1.78,1,1.47,2,2,4,2,1,1,"38,63","27,88",5,6,0,0,1,0,0,0,0,1,7,14,4,5,3,9,9,9,36,64,1.4,1.64,0.94,1.67,2.95,50,78,61,39,17,45,78,39,72,8.55,2.33,3.15,3.45,2.01,1.28,1.81,3.15,5.5,1.67,2.1,King Power Stadium (Leicester- Leicestershire)
Southampton,Aston Villa,21,0.67,0.89,0.58,1.21,0,1,1,0,0,0,,77,2,2,1,0,2,0,1,0,0,2,11,16,8,5,3,11,19,9,37,63,1.6,1.28,1.47,1.71,2.67,61,84,56,28,6,28,73,50,78,9.67,4.33,2.63,3.38,2.33,1.35,1.97,3.59,6.25,1.75,2,St. Mary's Stadium (Southampton- Hampshire)
West Ham United,Everton,21,1.11,0.78,1.47,0.79,2,0,2,2,2,0,"34,41",,4,9,1,0,1,0,0,1,0,1,12,6,5,0,7,6,9,6,32,68,1.62,1.1,1.4,0.84,2.17,45,89,28,6,0,22,84,22,84,7.78,3.66,1.68,3.62,4.2,1.35,2,3.74,6.5,1.95,1.8,London Stadium (London)
Crystal Palace,Newcastle United,21,1.4,1.78,1.47,1.68,0,0,0,0,0,0,,,3,15,4,0,2,0,1,3,0,2,7,17,2,8,5,9,13,7,39,61,1.53,1.42,0.83,2.15,2.52,58,79,58,21,11,32,74,42,73,9.92,3.56,4.02,3.3,1.98,1.33,2.02,3.8,7.5,1.95,1.8,Selhurst Park (London)
Leeds United,Brentford,21,1.33,1.11,1.16,1.16,0,0,0,0,0,0,,,2,3,2,0,2,0,0,2,0,2,11,7,7,0,4,7,10,18,59,41,1.59,1.34,1.69,0.72,3.28,67,84,67,50,22,62,84,50,78,10.55,3.33,2.3,3.55,2.68,1.23,1.71,2.78,5.2,1.57,2.25,Elland Road (Leeds- West Yorkshire)
Manchester City,Wolverhampton Wanderers,21,2.5,0.67,2.74,0.58,3,0,3,1,1,0,"40,50,54",,5,7,1,0,2,0,1,0,2,0,15,10,8,2,7,8,10,10,56,44,2.22,1.57,2,1.03,3.41,63,89,67,35,20,56,84,47,95,12.66,3.42,1.11,7.6,16.2,1.14,1.37,2.05,3.85,2.2,1.62,Etihad Stadium (Manchester)
Arsenal,Manchester United,21,2.75,1.7,2.37,1.42,3,2,5,2,1,1,"24,53,90","17,59",12,4,1,0,2,0,1,0,0,2,25,7,6,5,19,2,8,9,58,42,2.35,1.64,2.64,1.02,3.38,68,79,69,47,24,39,73,59,79,10.18,4.2,1.95,3.65,3.4,1.25,1.7,2.98,5.6,1.67,2.1,Emirates Stadium (London)
Fulham,Tottenham Hotspur,21,1.8,1.5,1.53,1.21,0,1,1,1,0,1,,45'1,3,8,1,0,3,0,1,0,1,2,11,11,6,4,5,7,10,10,53,47,1.66,1.55,1.29,1.07,3.35,70,90,75,50,20,25,80,75,90,10.8,3.8,3.3,3.6,2.05,1.25,1.62,2.95,5.6,1.62,2.2,Craven Cottage (London)
Chelsea,Fulham,22,1.89,1.3,1.32,1.21,0,0,0,0,0,0,,,6,2,1,0,4,0,0,1,1,3,12,11,3,5,9,6,16,12,67,33,1.54,1.29,1.36,1.36,2.51,52,69,57,21,10,21,52,58,85,10.21,5.54,1.58,3.85,5.25,1.3,1.83,3.35,6.6,1.95,1.8,Stamford Bridge (London)
Everton,Arsenal,22,0.8,2.5,1.11,2.05,1,0,1,0,0,0,60,,7,5,4,0,1,0,0,4,0,1,13,16,5,4,8,12,13,8,30,70,1.47,1.63,1.52,1.83,2.45,40,75,45,15,10,30,75,35,75,9.2,4,8,4.8,1.4,1.22,1.81,2.85,5,2,1.75,Goodison Park (Liverpool)
Aston Villa,Leicester City,22,1.7,0.9,2,0.79,2,4,6,5,2,3,"9,32","12,41,45'2,79",11,3,0,0,3,0,0,0,0,3,23,11,7,7,16,4,10,10,63,37,1.48,1.41,2.38,1.35,3.3,60,90,60,35,15,40,80,55,90,7.3,3.1,2.05,3.5,3.65,1.31,1.91,3.4,6.8,1.8,1.95,Villa Park (Birmingham)
Brentford,Southampton,22,1.9,0.9,1.95,0.74,3,0,3,2,2,0,"41,44,80",,4,4,1,0,2,0,0,1,0,2,15,15,4,0,11,15,10,9,49,51,1.45,1.21,1.68,1.15,2.8,50,75,55,35,10,35,85,45,65,7.9,3.4,1.94,3.6,3.9,1.33,1.87,3.55,7.2,1.8,1.95,Gtech Community Stadium (Brentford- Middlesex)
Brighton & Hove Albion,AFC Bournemouth,22,1.56,0.5,1.79,0.89,1,0,1,0,0,0,87,,7,3,3,0,1,0,1,2,0,1,20,11,8,3,12,8,14,7,71,29,1.86,1.04,2.43,1.18,3.45,42,78,58,42,32,52,73,47,79,11.18,3.28,1.36,5.2,8.2,1.23,1.71,2.82,5.2,2,1.75,The American Express Community Stadium (Falmer- East Sussex)
Manchester United,Crystal Palace,22,2.44,1,2.53,0.89,2,1,3,1,1,0,"7,62",76,5,5,1,1,2,0,0,2,1,1,12,12,6,4,6,8,9,9,54,46,1.88,1.35,1.66,1.37,2.22,39,67,50,11,6,28,62,39,73,9.44,5,1.43,4.6,7.4,1.28,1.83,3.15,6.2,2.1,1.67,Old Trafford (Manchester)
Wolverhampton Wanderers,Liverpool,22,1.1,0.89,1.58,1.21,3,0,3,2,2,0,"5,12,71",,2,7,1,0,1,0,1,0,0,1,13,21,8,3,5,18,9,7,42,58,1.35,1.78,1.55,2,2.5,44,64,54,32,11,37,59,44,85,11.3,3.83,4.4,3.85,1.78,1.27,1.81,3.05,6,1.7,2.05,Molineux Stadium (Wolverhampton- West Midlands)
Newcastle United,West Ham United,22,2.2,0.5,2.05,0.63,1,1,2,2,1,1,3,32,4,2,2,0,1,0,1,1,0,1,9,12,3,2,6,10,11,13,63,37,2.09,1.6,1.35,1.18,2.1,35,45,30,25,10,15,50,40,70,14.3,3.2,1.62,3.7,5.8,1.35,2,3.8,7.8,2,1.75,St. James' Park (Newcastle upon Tyne)
Nottingham Forest,Leeds United,22,1.5,0.56,1.58,0.47,1,0,1,1,1,0,14,,0,2,4,0,2,0,1,3,1,1,7,11,3,5,4,6,15,14,30,70,1.47,1.49,0.91,1.67,2.92,59,74,49,32,21,43,69,42,79,8.01,5.06,2.61,3.32,2.61,1.31,1.8,3.35,6.8,1.7,2.05,The City Ground (Nottingham- Nottinghamshire)
Tottenham Hotspur,Manchester City,22,1.8,1.89,1.95,1.95,1,0,1,1,1,0,15,,4,6,3,1,2,0,2,2,0,2,13,16,4,6,9,10,19,14,36,64,1.9,1.92,1.33,1.94,3.08,52,79,52,26,21,41,57,52,95,12,3.19,5,4,1.61,1.2,1.57,2.3,4.7,1.62,2.2,Tottenham Hotspur Stadium (London)
Manchester United,Leeds United,8,2.5,0.5,2.53,0.47,2,2,4,1,0,1,"62,70","1,48",6,5,1,0,3,0,0,1,0,3,26,12,7,5,19,7,7,11,66,34,1.86,1.51,2.66,1.42,2.8,55,75,65,20,10,35,70,50,75,10,4.9,1.51,5,6.5,1.13,1.49,2.37,3.72,1.66,2.1,Old Trafford (Manchester)
West Ham United,Chelsea,23,1.3,1.09,1.47,1,1,1,2,2,1,1,28,16,5,6,1,0,1,0,0,1,0,1,11,13,3,5,8,8,9,11,28,72,1.6,1.61,1.31,1.65,2.2,38,82,33,10,5,38,87,14,72,8.91,3.48,3.05,3.15,2.16,1.4,2.25,4.05,8.8,1.91,1.91,London Stadium (London)
Arsenal,Brentford,23,2.78,1.1,2.37,1.16,1,1,2,0,0,0,66,74,7,4,0,0,2,0,0,0,0,2,23,10,7,3,16,7,9,9,69,31,2.38,1.27,2.78,1.15,3.45,69,85,75,59,32,52,74,70,80,11.74,2.74,1.31,4.8,7.6,1.24,1.7,2.89,5.4,1.95,1.8,Emirates Stadium (London)
Crystal Palace,Brighton & Hove Albion,23,1.36,1.7,1.47,1.47,1,1,2,0,0,0,69,63,1,6,4,0,1,0,1,3,1,0,8,19,2,9,6,10,10,11,25,75,1.47,1.64,0.88,2.32,3.13,68,91,68,39,15,44,82,53,91,8.95,3.28,3.35,3.15,2.04,1.35,2,3.7,7.6,1.8,1.95,Selhurst Park (London)
Fulham,Nottingham Forest,23,1.64,0.6,1.53,0.42,2,0,2,1,1,0,"17,88",,5,4,0,0,1,0,0,0,1,0,18,11,4,2,14,9,9,11,50,50,1.63,1.1,1.76,1.11,2.85,47,76,61,33,19,29,71,57,81,9.43,3.81,1.98,3.25,3.4,1.34,1.95,3.6,7.2,1.8,1.95,Craven Cottage (London)
Leicester City,Tottenham Hotspur,23,0.9,1.64,1,1.21,4,1,5,4,3,1,"23,25,45'4,81",14,1,5,5,0,2,0,2,3,1,1,18,12,8,5,10,7,14,9,50,50,1.35,1.51,1.93,1.37,2.74,43,71,53,43,9,29,76,47,66,9.49,3.01,3,3.62,2.02,1.27,1.73,3,5.9,1.67,2.1,King Power Stadium (Leicester- Leicestershire)
Southampton,Wolverhampton Wanderers,23,0.6,0.6,0.58,0.58,1,2,3,1,1,0,24,"72,87",5,2,2,0,3,1,2,0,4,0,17,10,3,3,14,7,12,14,41,59,1.59,1.51,1.76,1.08,2.4,60,75,50,15,5,20,65,40,85,10,3.5,2.63,3.01,2.55,1.43,2.3,4.35,9.4,1.95,1.8,St. Mary's Stadium (Southampton- Hampshire)
AFC Bournemouth,Newcastle United,23,1.2,1.7,1.16,1.68,1,1,2,2,1,1,30,45'2,4,6,2,0,3,0,0,2,0,3,12,16,6,8,6,8,8,10,33,67,1.2,1.49,1.43,2.05,2.1,40,65,45,15,15,30,70,25,55,10.4,3.4,6.3,4.1,1.54,1.33,1.95,3.55,7.2,2.1,1.67,Vitality Stadium (Bournemouth- Dorset)
Leeds United,Manchester United,23,1.3,1.55,1.16,1.42,0,2,2,0,0,0,,"80,85",7,3,2,0,1,0,2,0,1,0,17,12,7,6,10,6,10,13,33,67,1.6,1.59,1.92,1.42,3.04,62,72,58,38,19,48,77,38,72,9.06,4.74,4,3.8,1.85,1.22,1.67,2.68,4.95,1.62,2.2,Elland Road (Leeds- West Yorkshire)
Manchester City,Aston Villa,23,2.55,1.1,2.74,1.21,3,1,4,3,3,0,"4,39,45'1",61,8,4,1,0,2,0,1,0,1,1,18,6,10,3,8,3,13,14,67,33,2.2,1.33,2.25,0.76,3.48,52,90,71,42,18,56,85,57,90,11.72,4.08,1.18,7.1,14.5,1.14,1.45,2.17,3.95,2,1.75,Etihad Stadium (Manchester)
Liverpool,Everton,23,2.1,0.7,2.32,0.79,2,0,2,1,1,0,"36,49",,3,3,1,0,3,0,0,1,0,3,16,7,7,2,9,5,8,16,59,41,2.3,1.08,1.52,0.64,2.6,55,75,45,15,10,35,75,30,65,11.9,3.3,1.32,5.47,7.63,1.27,1.43,2.25,5.8,1.91,1.91,Anfield (Liverpool)
Arsenal,Manchester City,12,2.6,1.7,2.37,1.95,1,3,4,2,1,1,42,"24,72,82",1,2,2,0,4,0,0,2,3,1,11,10,2,7,9,3,11,15,64,36,2.42,1.93,1.18,1.33,3.05,60,75,60,40,25,30,60,65,90,12.5,2.3,2.8,3.4,2.45,1.29,1.8,3.15,6.2,1.67,2.1,Emirates Stadium (London)
Aston Villa,Arsenal,24,1.55,2.27,2,2.05,2,4,6,3,2,1,"5,31","16,61,90'3,90'8",2,9,2,0,1,0,1,1,1,0,7,14,6,6,1,8,13,4,33,67,1.56,1.65,1.01,1.99,2.68,46,78,46,27,9,36,78,32,87,8.73,3.55,4.9,4.2,1.67,1.3,1.94,3.35,6.6,1.8,1.95,Villa Park (Birmingham)
Brentford,Crystal Palace,24,2,0.9,1.95,0.89,1,1,2,0,0,0,90'6,69,2,6,2,0,2,0,1,1,2,0,12,8,6,5,6,3,10,8,59,41,1.48,1.35,1.7,1.07,2.55,43,76,48,23,10,38,71,33,76,8.94,4.05,2.06,3.35,3.85,1.4,2.18,3.75,7,1.95,1.8,Gtech Community Stadium (Brentford- Middlesex)
Brighton & Hove Albion,Fulham,24,1.7,1.27,1.79,1.21,0,1,1,0,0,0,,88,10,2,0,0,5,0,0,0,0,5,18,3,8,3,10,0,12,14,65,35,1.92,1.3,2.11,0.47,2.63,48,57,57,29,24,34,57,48,72,11.61,5.08,1.72,3.95,4.8,1.26,1.75,2.98,5.7,1.75,2,The American Express Community Stadium (Falmer- East Sussex)
Chelsea,Southampton,24,1.8,0.82,1.32,0.74,0,1,1,1,0,1,,45'1,8,2,3,0,6,0,1,2,2,4,11,9,6,6,5,3,16,24,61,39,1.52,1.2,1.54,1.21,2.32,43,62,52,19,5,23,61,48,68,9.37,4.21,1.47,4.4,7.5,1.3,1.93,3.4,6.8,2.2,1.62,Stamford Bridge (London)
Everton,Leeds United,24,1,0.55,1.11,0.47,1,0,1,0,0,0,64,,6,4,2,0,3,0,2,0,2,1,14,5,7,0,7,5,8,6,50,50,1.48,1.5,1.84,0.68,2.68,55,69,55,23,14,32,69,41,73,10.09,4.73,2.28,3.8,2.95,1.36,1.94,3.8,7.6,1.8,1.95,Goodison Park (Liverpool)
Nottingham Forest,Manchester City,24,1.64,1.82,1.58,1.95,1,1,2,1,0,1,84,41,0,10,1,0,0,0,1,0,0,0,4,18,2,7,2,11,8,6,27,73,1.42,1.87,0.51,2.33,2.46,45,64,36,27,14,27,64,41,82,7.46,3.91,10.5,6,1.29,1.19,1.63,2.28,4.55,2,1.75,The City Ground (Nottingham- Nottinghamshire)
Wolverhampton Wanderers,AFC Bournemouth,24,1.27,0.45,1.58,0.89,0,1,1,0,0,0,,49,12,2,3,0,3,0,0,3,1,2,10,3,5,2,5,1,12,10,68,32,1.37,1.05,1.47,0.57,2.91,27,73,46,32,18,46,69,32,87,8.36,3.81,1.68,4.1,5,1.37,2,3.9,8.2,2,1.75,Molineux Stadium (Wolverhampton- West Midlands)
Newcastle United,Liverpool,24,2.09,0.8,2.05,1.21,0,2,2,2,0,2,,"10,17",6,7,1,1,1,0,2,0,1,0,12,12,5,8,7,4,3,8,37,63,2.02,1.8,1.44,1.71,2.64,48,68,54,34,14,39,58,53,77,13.83,3.21,2.55,3.5,2.75,1.24,1.81,2.9,5,1.62,2.2,St. James' Park (Newcastle upon Tyne)
Manchester United,Leicester City,24,2.36,1.09,2.53,0.79,3,0,3,1,1,0,"25,56,61",,6,6,0,0,2,0,0,0,1,1,0,8,0,3,0,5,9,9,57,43,1.93,1.41,0.41,1.01,3.41,60,91,73,32,18,37,78,64,87,8.63,3.72,1.61,4.4,5,1.2,1.57,2.59,4.7,1.67,2.1,Old Trafford (Manchester)
Tottenham Hotspur,West Ham United,24,1.91,0.55,1.95,0.63,2,0,2,0,0,0,"56,72",,4,7,2,0,1,0,1,1,0,1,11,6,7,2,4,4,16,10,57,43,1.84,1.56,1.53,0.87,2.64,50,64,41,23,14,37,69,41,73,12.55,3.72,1.85,3.6,4,1.28,1.84,3.1,6.2,1.7,2.05,Tottenham Hotspur Stadium (London)
Fulham,Wolverhampton Wanderers,25,1.75,0.82,1.53,0.58,1,1,2,1,0,1,64,23,3,3,2,0,0,0,1,1,0,0,11,9,6,3,5,6,4,5,50,50,1.64,1.47,1.46,1.05,2.64,61,83,65,17,9,22,78,56,87,10.22,4.11,2.25,3.2,3,1.33,1.94,3.6,6.3,1.8,1.95,Craven Cottage (London)
Everton,Aston Villa,25,1.17,1,1.11,1.21,0,2,2,0,0,0,,"63,81",5,1,2,0,1,0,1,1,0,1,16,10,5,6,11,4,12,12,47,53,1.51,1.27,2.04,1.31,2.32,44,70,49,18,4,27,66,39,79,9.24,4.99,2.5,3,2.88,1.42,2.3,4.25,8.8,1.95,1.8,Goodison Park (Liverpool)
Leeds United,Southampton,25,1.18,1,1.16,0.74,1,0,1,0,0,0,77,,9,2,2,0,4,0,0,2,0,4,15,8,5,3,10,5,15,13,60,40,1.63,1.2,1.78,0.85,2.66,49,66,57,31,13,39,83,44,62,8.99,4.34,1.91,3.3,3.9,1.34,2,3.6,7.4,1.8,1.95,Elland Road (Leeds- West Yorkshire)
Leicester City,Arsenal,25,1.09,2.33,1,2.05,0,1,1,0,0,0,,46,0,8,0,0,1,0,0,0,1,0,3,13,2,5,1,8,14,9,34,66,1.41,1.68,0.6,1.74,2.65,35,70,49,31,13,44,74,30,69,8.67,3.28,4.8,3.9,1.62,1.23,1.65,2.85,5.4,1.7,2.05,King Power Stadium (Leicester- Leicestershire)
West Ham United,Nottingham Forest,25,1.27,0.55,1.47,0.42,4,0,4,0,0,0,"70,73,78,85",,12,3,0,0,0,0,0,0,0,0,19,9,6,4,13,5,8,5,49,51,1.57,1.1,2.08,1.14,2.41,27,87,27,18,9,36,82,23,78,7.82,3.09,1.7,3.4,5,1.38,2.15,4.05,8.4,2,1.75,London Stadium (London)
AFC Bournemouth,Manchester City,25,1.18,1.75,1.16,1.95,1,4,5,3,0,3,83,"15,29,45,51",4,6,2,0,2,0,0,2,0,2,14,21,3,6,11,15,10,9,34,66,1.22,1.91,1.45,2.05,2.3,43,70,39,17,9,31,70,30,74,9.43,2.99,10.5,5.25,1.25,1.17,1.55,1.97,4.2,1.95,1.8,Vitality Stadium (Bournemouth- Dorset)
Crystal Palace,Liverpool,25,1.33,1,1.47,1.21,0,0,0,0,0,0,,,5,3,2,0,5,0,1,1,1,4,7,13,0,5,7,8,11,14,36,64,1.42,1.79,0.78,1.51,2.67,57,83,62,27,5,40,70,53,83,10.43,3.6,4.6,3.9,1.73,1.28,1.72,3.15,6.2,1.75,2,Selhurst Park (London)
Tottenham Hotspur,Chelsea,25,2,1.08,1.95,1,2,0,2,0,0,0,"46,82",,4,4,2,0,3,0,1,1,2,1,9,11,4,3,5,8,10,10,41,59,1.82,1.61,1.2,1.41,2.67,50,75,46,17,17,46,71,38,71,11.5,4.5,2.3,3.3,2.9,1.34,1.95,3.6,7.2,1.75,2,Tottenham Hotspur Stadium (London)
Arsenal,Everton,7,2.36,0.64,2.37,0.79,4,0,4,2,2,0,"40,45'1,71,80",,5,1,0,0,2,0,0,0,0,2,16,9,6,6,10,3,5,12,73,27,2.31,1.04,1.92,1.13,2.87,64,87,55,32,18,32,73,59,82,11,3.63,1.3,4.95,9.5,1.21,1.83,2.68,4.5,2.05,1.7,Emirates Stadium (London)
Liverpool,Wolverhampton Wanderers,7,2.18,0.83,2.32,0.58,2,0,2,0,0,0,"73,77",,5,2,2,0,3,0,1,1,2,1,15,5,7,2,8,3,13,14,57,43,2.23,1.44,1.82,0.63,2.67,57,78,53,14,9,31,79,35,78,11.6,3.26,1.5,4.35,5.5,1.17,1.68,2.2,4.3,2,1.75,Anfield (Liverpool)
Manchester City,Newcastle United,26,2.58,1.64,2.74,1.68,2,0,2,1,1,0,"15,67",,2,3,2,0,4,0,0,2,0,4,10,4,4,3,6,1,8,13,57,43,2.21,1.54,1.27,0.76,3.3,61,82,69,43,26,60,82,43,73,14.01,2.9,1.43,4.8,6.75,1.17,1.55,2.45,4.5,1.91,1.91,Etihad Stadium (Manchester)
Arsenal,AFC Bournemouth,26,2.42,0.67,2.37,0.89,3,2,5,1,0,1,"62,70,90'7","1,57",17,1,0,0,2,0,0,0,0,2,31,5,10,5,21,0,6,8,81,19,2.28,1.01,3.81,0.78,3.63,54,88,67,55,29,50,75,67,92,9.92,2.83,1.22,6.5,12,1.15,1.42,2.12,4,2.2,1.62,Emirates Stadium (London)
Aston Villa,Crystal Palace,26,1.42,0.91,2,0.89,1,0,1,1,1,0,27,,2,4,2,0,4,1,0,2,0,5,9,5,3,2,6,3,0,1,58,42,1.52,1.32,1.09,0.7,2.63,56,74,47,26,13,35,69,39,83,8.78,4.22,2.1,3.05,3.65,1.37,1.94,4.3,9,2,1.75,Villa Park (Birmingham)
Brighton & Hove Albion,West Ham United,26,1.55,0.5,1.79,0.63,4,0,4,1,1,0,"18,51,69,89",,7,3,0,0,3,0,0,0,0,3,21,3,10,2,11,1,1,0,68,32,1.94,1.5,2.45,0.51,2.24,39,48,35,22,14,27,52,35,70,13.83,2.98,1.8,3.7,4.4,1.27,1.87,3.3,5.7,1.8,1.95,The American Express Community Stadium (Falmer- East Sussex)
Wolverhampton Wanderers,Tottenham Hotspur,26,1.17,1.5,1.58,1.21,1,0,1,0,0,0,82,,4,8,1,0,1,0,1,0,0,1,9,24,5,7,4,17,9,16,46,54,1.38,1.5,1.16,2.37,2.67,38,67,46,38,17,29,67,38,83,10.66,4.34,3.2,3.3,2.3,1.35,1.88,3.89,6.55,1.8,1.95,Molineux Stadium (Wolverhampton- West Midlands)
Chelsea,Leeds United,26,1.64,0.5,1.32,0.47,1,0,1,0,0,0,53,,5,7,2,0,0,0,1,1,0,0,13,11,4,3,9,8,9,7,58,42,1.52,1.44,1.56,1.27,2.46,47,61,47,21,9,26,52,44,74,11.02,4.94,1.63,4,5.25,1.29,1.65,3.25,6.4,1.91,1.91,Stamford Bridge (London)
Southampton,Leicester City,26,0.55,1,0.58,0.79,1,0,1,1,1,0,35,,3,4,4,0,2,0,1,3,2,0,8,8,6,0,2,8,12,11,35,65,1.6,1.37,1.11,0.95,3.36,66,87,65,35,21,34,74,56,87,8.76,2.86,2.8,3.5,2.4,1.35,2.14,3.7,7.6,1.8,1.95,St. Mary's Stadium (Southampton- Hampshire)
Nottingham Forest,Everton,26,1.58,0.58,1.58,0.79,2,2,4,3,1,2,"19,77","10,29",3,3,3,0,5,0,0,3,1,4,7,6,5,4,2,2,11,17,57,43,1.35,1.04,0.99,0.9,2.25,46,75,29,17,9,25,75,33,75,6.34,4.75,2.47,3.12,2.91,1.51,2.15,5,11,2.05,1.7,The City Ground (Nottingham- Nottinghamshire)
Liverpool,Manchester United,26,2.25,1.67,2.32,1.42,7,0,7,1,1,0,"43,47,50,66,75,83,88",,4,3,2,0,3,0,1,1,0,3,14,8,9,5,5,3,13,14,60,40,2.2,1.57,1.92,1.16,3.04,54,75,50,29,17,42,71,38,71,10.33,3.67,2.38,3.8,2.9,1.22,1.7,2.74,5,1.53,2.38,Anfield (Liverpool)
Brentford,Fulham,26,1.92,1.42,1.95,1.21,3,2,5,2,1,1,"6,53,85","39,90'9",2,3,0,0,3,0,0,0,2,1,15,10,7,6,8,4,12,17,36,64,1.49,1.23,1.8,1.54,2.67,50,75,54,29,13,34,67,46,79,8.17,4.83,2.07,3.55,3.65,1.31,2.03,3.4,6.8,1.75,2,Gtech Community Stadium (Brentford- Middlesex)
AFC Bournemouth,Liverpool,27,1.08,1,1.16,1.21,1,0,1,1,1,0,28,,3,8,2,0,1,0,0,2,0,1,6,16,3,7,3,9,7,9,31,69,1.24,1.77,0.82,2.02,2.5,46,75,55,25,13,46,75,38,67,10.09,3.41,6.75,4.8,1.45,1.19,1.57,2.28,4.6,1.8,1.88,Vitality Stadium (Bournemouth- Dorset)
Everton,Brentford,27,1.08,1.09,1.11,1.16,1,0,1,1,1,0,1,,5,8,2,0,1,0,0,2,1,0,13,11,7,5,6,6,11,12,33,67,1.55,1.26,1.59,1.55,2.5,51,72,47,27,13,35,59,47,75,9.58,3.51,2.7,3.2,2.75,1.45,2.2,4.25,9.8,1.95,1.8,Goodison Park (Liverpool)
Leeds United,Brighton & Hove Albion,27,1.33,1.64,1.16,1.47,2,2,4,2,1,1,"40,78","33,61",4,7,1,0,1,0,0,1,0,1,13,16,4,5,9,11,0,3,38,62,1.64,1.7,1.39,1.91,3.16,66,84,62,44,22,49,75,53,88,10.63,3.17,3.35,3.45,2.16,1.3,1.85,3.3,6.4,1.75,2,Elland Road (Leeds- West Yorkshire)
Tottenham Hotspur,Nottingham Forest,27,2.08,0.5,1.95,0.42,3,1,4,2,2,0,"19,35,62",81,2,10,3,0,1,0,0,3,0,1,11,8,8,6,3,2,1,5,56,44,1.77,1.1,1.56,1.29,2.91,32,80,44,28,20,36,60,52,84,9.98,4.05,1.48,4.5,6.4,1.26,1.7,3,5.9,2,1.75,Tottenham Hotspur Stadium (London)
Leicester City,Chelsea,27,1,1,1,1,1,3,4,3,1,2,39,"11,45'6,78",2,5,2,1,2,0,1,2,2,0,12,10,8,7,4,3,4,8,49,51,1.34,1.59,1.81,1.32,2.25,40,64,44,21,8,40,68,24,60,8.67,3.48,3.9,3.55,1.95,1.33,1.92,3.5,7,1.8,1.95,King Power Stadium (Leicester- Leicestershire)
Crystal Palace,Manchester City,27,1.31,1.85,1.47,1.95,0,1,1,0,0,0,,78,2,6,2,0,2,0,1,1,0,2,0,10,0,5,0,5,11,17,32,68,1.37,1.92,0.19,1.52,2.46,54,73,46,23,8,27,62,46,85,9.62,3.54,7.6,3.44,1.45,1.25,1.61,2.98,5.6,2.1,1.67,Selhurst Park (London)
Fulham,Arsenal,27,1.69,2.38,1.53,2.05,0,3,3,3,0,3,,"21,26,45'2",4,8,0,0,1,0,0,0,0,1,13,16,3,8,10,8,10,9,45,55,1.63,1.68,1.32,1.84,2.77,50,77,54,27,15,31,77,47,85,10.31,3.54,5.5,3.9,1.46,1.28,1.73,3.15,6.2,1.8,1.95,Craven Cottage (London)
Manchester United,Southampton,27,2.42,0.92,2.53,0.74,0,0,0,0,0,0,,,7,8,2,1,0,0,2,1,0,0,8,13,3,3,5,10,12,9,47,53,1.8,1.18,0.99,1.32,2.53,44,69,65,20,4,24,80,53,69,8.41,4.46,1.24,4.95,8.75,1.2,1.55,2.26,4.57,1.95,1.8,Old Trafford (Manchester)
West Ham United,Aston Villa,27,1.42,1.17,1.47,1.21,1,1,2,2,1,1,26,17,12,2,1,0,0,0,0,1,0,0,16,13,7,5,9,8,8,6,41,59,1.61,1.28,1.74,1.47,2.46,38,92,38,21,0,38,80,34,79,8.42,3.84,2.14,3.05,3.05,1.35,2.05,3.7,7.6,1.75,2,London Stadium (London)
Newcastle United,Wolverhampton Wanderers,27,1.92,0.77,2.05,0.58,2,1,3,1,1,0,"26,79",70,10,3,1,0,2,0,0,1,1,1,12,8,9,5,3,3,11,10,43,57,1.98,1.38,1.97,1.25,2.24,44,72,36,13,9,24,60,44,75,11.81,4.23,1.58,3.77,4.8,1.36,2.06,3.8,7.8,2.05,1.7,St. James' Park (Newcastle upon Tyne)
Southampton,Brentford,7,0.75,1,0.58,1.16,0,2,2,1,0,1,,"32,90'7",3,3,1,0,2,0,0,1,0,2,5,8,2,6,3,2,14,10,67,33,1.56,1.29,0.87,1.19,2.63,63,71,50,34,13,34,67,46,71,9.58,2.91,2.74,3.4,2.54,1.29,1.98,3.2,6.2,1.67,2.1,St. Mary's Stadium (Southampton- Hampshire)
Brighton & Hove Albion,Crystal Palace,8,1.67,0.83,1.79,0.89,1,0,1,1,1,0,15,,1,4,1,0,2,0,0,1,1,1,11,10,6,4,5,6,13,20,57,43,1.98,1.27,1.48,1.21,2.34,38,54,42,21,17,29,54,38,71,12.25,4.33,1.59,4.02,5.65,1.3,1.9,3.35,6.8,1.95,1.8,The American Express Community Stadium (Falmer- East Sussex)
Nottingham Forest,Newcastle United,28,1.54,1.5,1.58,1.68,1,2,3,2,1,1,26,"45'2,90'3",3,7,5,0,1,0,1,4,1,0,6,10,4,5,2,5,10,6,39,61,1.32,1.48,0.92,1.45,2.27,52,68,37,24,16,32,72,28,64,8.38,4.46,3.85,3.6,1.78,1.33,1.98,3.5,6.5,1.95,1.8,The City Ground (Nottingham- Nottinghamshire)
Aston Villa,AFC Bournemouth,28,1.54,0.62,2,0.89,3,0,3,1,1,0,"7,80,89",,9,6,1,0,4,0,1,0,1,3,19,9,11,4,8,5,8,13,56,44,1.48,0.99,2.35,1.13,3.31,50,81,54,42,23,42,81,42,89,7.23,3.31,1.7,3.9,4.8,1.28,1.8,3.15,6,1.8,1.95,Villa Park (Birmingham)
Brentford,Leicester City,28,2,0.92,1.95,0.79,1,1,2,1,1,0,32,52,8,4,2,1,2,0,1,2,1,1,12,15,3,2,9,13,10,11,53,47,1.52,1.34,1.44,1.3,3.47,54,92,62,38,23,46,81,54,85,7.85,2.92,1.97,3.65,3.7,1.25,1.79,3,5.25,1.7,2.05,Gtech Community Stadium (Brentford- Middlesex)
Southampton,Tottenham Hotspur,28,0.69,1.38,0.58,1.21,3,3,6,1,0,1,"46,77,90'3","45'1,65,74",10,3,1,0,1,0,0,1,0,1,20,18,7,4,13,14,13,8,50,50,1.51,1.57,2.13,1.72,2.81,58,73,50,39,16,19,73,46,81,10.16,3.39,4.3,3.6,1.83,1.3,1.82,3.3,6,1.91,1.91,St. Mary's Stadium (Southampton- Hampshire)
Wolverhampton Wanderers,Leeds United,28,1.31,0.46,1.58,0.47,2,4,6,1,0,1,"65,73","6,49,62,90'7",5,4,3,2,5,0,1,4,3,2,18,10,9,5,9,5,11,6,66,34,1.36,1.42,2.25,1.22,2.39,35,54,43,23,12,35,54,27,81,10.38,4.69,2.3,3.2,3.3,1.43,1.93,4,7.5,1.95,1.8,Molineux Stadium (Wolverhampton- West Midlands)
Chelsea,Everton,28,1.75,0.62,1.32,0.79,2,2,4,0,0,0,"52,76","69,89",8,2,2,0,2,0,0,2,2,0,11,8,8,4,3,4,8,12,69,31,1.53,1.03,1.67,0.95,2.07,40,68,36,12,0,20,55,37,76,10.02,4.79,1.47,4.3,7.25,1.36,1.94,3.85,8,2.25,1.57,Stamford Bridge (London)
Arsenal,Crystal Palace,28,2.46,0.77,2.37,0.89,4,1,5,2,2,0,"28,43,55,74",63,5,4,0,0,1,0,0,0,0,1,11,6,6,5,5,1,8,10,62,38,2.4,1.27,1.67,0.96,2.89,58,73,58,39,23,35,70,62,77,11.84,3.84,1.33,5.65,9.8,1.24,1.77,2.8,5.3,2.25,1.57,Emirates Stadium (London)
Manchester City,Liverpool,29,2.62,0.92,2.74,1.21,4,1,5,2,1,1,"27,46,53,74",17,7,1,1,0,1,0,1,0,1,0,18,5,9,2,9,3,9,12,69,31,2.13,1.79,2.3,0.66,3.43,54,85,74,47,20,62,85,50,85,13.46,2.77,1.65,4,5,1.18,1.65,2.6,4.7,1.67,2.1,Etihad Stadium (Manchester)
AFC Bournemouth,Fulham,29,1.23,1.31,1.16,1.21,2,1,3,1,0,1,"50,79",16,4,3,1,0,4,0,0,1,0,4,11,9,8,3,3,6,10,6,43,57,1.21,1.25,1.6,1.09,2.43,46,66,50,23,19,35,74,39,66,7.77,5.16,2.8,3.3,2.45,1.32,2,3.75,6.5,1.75,2,Vitality Stadium (Bournemouth- Dorset)
Arsenal,Leeds United,29,2.5,0.64,2.37,0.47,4,1,5,1,1,0,"35,47,55,84",76,4,3,0,0,2,0,0,0,1,1,9,7,7,6,2,1,3,3,67,33,2.34,1.41,1.51,1.16,3.5,68,79,72,54,32,43,72,68,86,12.15,3.64,1.33,5,8.5,1.14,1.57,2.3,3.5,1.95,1.8,Emirates Stadium (London)
Brighton & Hove Albion,Brentford,29,1.77,1.15,1.79,1.16,3,3,6,4,2,2,"21,28,90","10,22,49",14,0,1,0,1,0,0,1,0,1,24,7,16,6,8,1,16,9,73,27,1.94,1.28,3.23,1.01,2.62,43,62,46,35,19,39,62,42,69,11.77,2.92,1.67,3.8,5,1.24,1.82,2.8,5,1.75,2,The American Express Community Stadium (Falmer- East Sussex)
Crystal Palace,Leicester City,29,1.21,0.93,1.47,0.79,2,1,3,0,0,0,"59,90'4",56,10,1,3,0,4,0,0,3,1,3,18,3,10,3,8,0,8,9,51,49,1.28,1.34,2.32,0.57,2.93,54,82,54,25,15,32,72,50,83,7.78,3.86,2.6,3.25,2.7,1.38,2.1,3.9,7.85,1.91,1.91,Selhurst Park (London)
Nottingham Forest,Wolverhampton Wanderers,29,1.43,0.71,1.58,0.58,1,1,2,1,1,0,38,83,4,3,3,0,5,0,2,1,2,3,15,5,8,2,7,3,12,12,28,72,1.29,1.37,1.82,0.85,2.4,57,79,43,15,7,25,75,40,86,6.64,4.92,2.8,3.2,2.5,1.45,2.35,4.8,11.5,2,1.75,The City Ground (Nottingham- Nottinghamshire)
Chelsea,Aston Villa,29,1.69,1.15,1.32,1.21,0,2,2,1,0,1,,"18,56",13,2,3,0,3,0,1,2,1,2,24,6,9,3,15,3,14,16,69,31,1.54,1.29,2.77,0.77,2.23,42,70,42,19,0,23,50,46,77,9.85,4.77,1.5,4,6.5,1.29,1.91,3.35,6,1.91,1.91,Stamford Bridge (London)
West Ham United,Southampton,29,1.38,0.93,1.47,0.74,1,0,1,1,1,0,25,,5,3,0,0,2,0,0,0,1,1,10,8,3,4,7,4,10,11,44,56,1.62,1.19,1.2,1.13,2.3,37,75,37,18,4,38,86,26,60,8.74,3.36,1.78,3.65,4.7,1.35,2,3.7,8,1.95,1.8,London Stadium (London)
Newcastle United,Manchester United,29,2,1.54,2.05,1.42,2,0,2,0,0,0,"65,88",,7,4,0,0,0,0,0,0,0,0,16,5,7,2,9,3,8,12,46,54,1.98,1.54,1.96,0.73,2.85,46,70,43,31,19,35,62,46,70,11.08,4.46,2.46,3.35,2.9,1.26,1.89,3.2,6.5,1.7,2.05,St. James' Park (Newcastle upon Tyne)
Everton,Tottenham Hotspur,29,1.21,1.36,1.11,1.21,1,1,2,0,0,0,90,68,3,3,0,1,3,1,0,1,0,4,12,8,7,3,5,5,10,14,39,61,1.55,1.58,1.81,1.13,2.68,47,68,47,32,18,18,68,47,79,10.43,3.93,3.6,3.35,2.12,1.33,2.15,3.5,6.5,1.8,1.95,Goodison Park (Liverpool)
AFC Bournemouth,Brighton & Hove Albion,7,1.36,1.58,1.16,1.47,0,2,2,1,0,1,,"27,90'1",5,5,1,0,1,0,0,1,0,1,15,17,4,8,11,9,11,5,37,63,1.24,1.72,1.56,2.04,2.98,63,86,59,36,20,47,85,48,79,8.82,2.87,4.6,3.5,1.8,1.37,1.95,3.85,8,1.95,1.8,Vitality Stadium (Bournemouth- Dorset)
Leicester City,Aston Villa,7,0.92,1.29,1,1.21,1,2,3,2,1,1,35,"24,87",4,8,3,1,0,0,0,4,0,0,11,16,6,6,5,10,10,14,35,65,1.37,1.25,1.31,1.78,2.49,41,74,49,30,4,41,70,33,71,7.05,3.96,2.4,3.3,2.9,1.25,1.87,2.85,5.25,1.67,2.1,King Power Stadium (Leicester- Leicestershire)
Leeds United,Nottingham Forest,7,1.31,0.46,1.16,0.42,2,1,3,3,2,1,"20,45'1",12,11,4,1,0,4,0,0,1,1,3,21,13,4,2,17,11,11,13,63,37,1.62,1.12,2.15,1.25,2.77,39,73,50,38,15,39,66,46,81,10.07,3.62,1.87,3.6,4,1.22,1.7,2.7,5,1.57,2.25,Elland Road (Leeds- West Yorkshire)
Chelsea,Liverpool,8,1.57,0.86,1.32,1.21,0,0,0,0,0,0,,,3,5,1,0,4,0,0,1,0,4,11,5,4,5,7,0,6,17,49,51,1.63,1.71,1.37,1.05,2.36,43,64,50,25,7,29,54,47,75,12.5,3.86,2.4,3.3,2.87,1.24,1.8,2.92,5.25,1.62,2.15,Stamford Bridge (London)
West Ham United,Newcastle United,7,1.5,1.62,1.47,1.68,1,5,6,3,1,2,40,"6,13,46,82,90",7,6,2,0,1,0,1,1,0,1,6,14,3,9,3,5,11,12,42,58,1.59,1.48,0.92,1.8,2.22,45,81,34,15,8,41,81,19,59,11.29,2.92,3.2,3.25,2.25,1.31,2.04,3.4,6.8,1.7,2.05,London Stadium (London)
Manchester United,Brentford,25,2.31,1.14,2.53,1.16,1,0,1,1,1,0,27,,12,3,3,0,2,0,2,1,0,2,12,6,4,2,8,4,8,13,65,35,1.74,1.26,1.62,0.78,2.7,52,78,60,29,11,33,70,56,74,9.6,3.59,1.57,4.2,5,1.23,1.61,2.7,4.75,1.7,2.05,Old Trafford (Manchester)
Manchester United,Everton,30,2.36,0.64,2.53,0.79,2,0,2,1,1,0,"36,71",,10,4,0,0,0,0,0,0,0,0,30,16,12,2,18,14,10,9,64,36,1.73,1.03,3.25,1.48,2.4,47,79,54,18,0,22,71,47,75,9.64,4.72,1.44,4.33,7,1.26,1.73,2.97,5.55,1.95,1.8,Old Trafford (Manchester)
Aston Villa,Nottingham Forest,30,1.64,0.43,2,0.42,2,0,2,0,0,0,"48,90'5",,1,8,3,0,4,0,1,2,1,3,9,8,4,3,5,5,7,17,65,35,1.55,1.13,1.12,0.93,2.9,43,79,54,36,14,36,75,43,83,8.64,3.43,1.7,3.7,5,1.3,1.85,3.1,5.75,1.91,1.91,Villa Park (Birmingham)
Brentford,Newcastle United,30,1.93,1.71,1.95,1.68,1,2,3,1,1,0,45'1,"54,61",6,5,0,0,2,0,0,0,1,1,14,12,6,7,8,5,10,15,41,59,1.51,1.5,1.65,1.57,2.72,57,82,50,29,18,43,75,36,72,10.5,3.29,3.1,3.25,2.3,1.33,2,3.5,6.9,1.75,2,Gtech Community Stadium (Brentford- Middlesex)
Fulham,West Ham United,30,1.57,0.46,1.53,0.63,0,1,1,1,0,1,,23,11,4,1,0,1,0,0,1,0,1,15,13,4,7,11,6,2,4,76,24,1.61,1.42,2,1.63,2.51,51,70,51,26,7,22,74,48,74,11.05,3.02,2.65,3.1,2.7,1.33,2.15,3.82,7.5,1.75,1.95,Craven Cottage (London)
Leicester City,AFC Bournemouth,30,0.86,0.57,1,0.89,0,1,1,1,0,1,,40,6,6,0,0,3,0,0,0,1,2,17,19,5,5,12,14,2,4,51,49,1.37,1,1.63,1.92,3.07,40,75,57,40,18,47,75,36,79,6.93,3.43,1.75,3.6,4.75,1.27,1.87,3.05,5.75,1.8,2,King Power Stadium (Leicester- Leicestershire)
Tottenham Hotspur,Brighton & Hove Albion,30,2.14,1.69,1.95,1.47,2,1,3,2,1,1,"10,79",34,3,7,3,0,1,0,0,3,0,1,8,10,4,5,4,5,16,13,35,65,1.76,1.75,1.03,1.44,3.38,64,93,60,42,22,52,75,63,93,10.77,3.51,2.4,3.25,2.9,1.25,1.91,2.95,5.7,1.66,2.16,Tottenham Hotspur Stadium (London)
Wolverhampton Wanderers,Chelsea,30,1.21,1.14,1.58,1,1,0,1,1,1,0,31,,8,8,2,0,5,0,1,1,0,5,11,14,5,2,6,12,15,9,38,62,1.43,1.57,1.42,1.4,2.21,36,61,40,18,11,36,61,21,75,10.36,4.78,4,3.4,1.91,1.37,2,3.82,7.6,1.95,1.81,Molineux Stadium (Wolverhampton- West Midlands)
Southampton,Manchester City,30,0.71,1.93,0.58,1.95,1,4,5,1,0,1,72,"45,58,68,75",0,10,0,0,2,0,0,0,1,1,4,11,2,9,2,2,6,10,27,73,1.55,1.89,0.53,1.7,2.64,57,68,47,29,14,22,64,43,86,10.57,2.79,12,5.25,1.28,1.18,1.6,2.3,4.33,2.06,1.77,St. Mary's Stadium (Southampton- Hampshire)
Leeds United,Crystal Palace,30,1.43,0.71,1.16,0.89,1,5,6,2,1,1,21,"45'1,53,55,69,77",2,4,3,0,1,0,1,2,0,1,12,13,8,9,4,4,11,8,48,52,1.66,1.25,1.66,1.85,2.47,50,64,47,25,14,40,68,40,68,10.65,4.5,2.51,3.69,2.28,1.38,2.05,3.75,7,1.91,1.91,Elland Road (Leeds- West Yorkshire)
Liverpool,Arsenal,30,2.31,2.43,2.32,2.05,2,2,4,3,1,2,"42,87","8,28",5,4,4,0,4,0,3,1,2,2,17,8,7,6,10,2,11,11,59,41,2.18,1.69,2.02,1.35,2.98,38,74,49,26,19,41,74,34,74,11.84,2.94,2.5,3.65,2.8,1.22,1.8,2.7,5,1.57,2.25,Anfield (Liverpool)
Aston Villa,Newcastle United,31,1.73,1.8,2,1.68,3,0,3,1,1,0,"11,64,83",,7,2,1,0,1,0,0,1,1,0,13,6,7,3,6,3,13,15,52,48,1.52,1.51,1.63,0.96,2.7,57,77,53,27,17,37,77,40,74,10.2,3.53,3.58,3.45,2.1,1.3,1.95,3.5,6,1.8,1.95,Villa Park (Birmingham)
Chelsea,Brighton & Hove Albion,31,1.53,1.57,1.32,1.47,1,2,3,2,1,1,13,"42,69",2,8,2,0,2,0,1,1,1,1,9,24,3,9,6,15,11,11,42,58,1.61,1.72,1.07,2.63,2.69,56,77,52,32,11,32,60,49,87,11.46,3.34,2.64,3.45,2.66,1.28,1.87,3,5.5,1.7,2.05,Stamford Bridge (London)
Everton,Fulham,31,1.2,1.21,1.11,1.21,1,3,4,2,1,1,35,"22,51,68",4,7,3,0,2,0,1,2,0,2,17,20,9,8,8,12,1,0,46,54,1.57,1.24,2.04,2.19,2.32,49,62,49,18,14,21,59,49,76,8.77,5.49,2.04,3.45,3.77,1.37,2.08,3.85,8.1,1.95,1.8,Goodison Park (Liverpool)
Southampton,Crystal Palace,31,0.67,0.87,0.58,0.89,0,2,2,0,0,0,,"54,68",6,2,3,0,1,0,0,3,1,0,12,11,4,4,8,7,3,8,58,42,1.49,1.29,1.39,1.2,2.64,57,67,47,27,20,23,70,44,74,9.2,3.87,2.82,3.2,2.65,1.38,2.14,4,7,1.91,1.91,St. Mary's Stadium (Southampton- Hampshire)
Wolverhampton Wanderers,Brentford,31,1.33,1.07,1.58,1.16,2,0,2,1,1,0,"27,69",,5,2,1,0,1,0,1,0,1,0,12,11,10,5,2,6,10,6,51,49,1.43,1.23,1.71,1.41,2.47,37,60,40,30,17,37,63,34,74,9.67,4,2.5,3.2,3.01,1.4,2.07,4,8,1.95,1.8,Molineux Stadium (Wolverhampton- West Midlands)
Tottenham Hotspur,AFC Bournemouth,31,2.2,0.73,1.95,0.89,2,3,5,2,1,1,"14,88","38,51,90'5",8,1,1,0,2,0,0,1,2,0,17,9,9,7,8,2,4,8,57,43,1.71,1.06,2.27,1.31,3.3,43,84,53,34,24,47,74,54,87,9.27,4.34,1.48,4.6,6.58,1.22,1.66,2.63,4.5,1.8,1.95,Tottenham Hotspur Stadium (London)
Manchester City,Leicester City,31,2.64,0.87,2.74,0.79,3,1,4,3,3,0,"5,13,25",75,6,2,1,0,1,0,1,0,0,1,10,8,5,5,5,3,8,8,71,29,2.15,1.29,1.56,0.99,4.02,62,97,77,49,32,60,90,59,94,10.83,2.94,1.17,8.1,14.96,1.1,1.32,1.95,2.88,1.95,1.8,Etihad Stadium (Manchester)
West Ham United,Arsenal,31,1.4,2.33,1.47,2.05,2,2,4,3,1,2,"33,54","7,10",7,2,1,0,2,0,0,1,2,0,17,12,4,6,13,6,11,8,28,72,1.55,1.67,1.74,1.55,2.63,37,83,37,24,10,47,83,24,74,10.4,3,5.75,4.5,1.6,1.25,1.74,2.8,5.25,1.91,1.91,London Stadium (London)
Nottingham Forest,Manchester United,31,1.4,1.43,1.58,1.42,0,2,2,1,0,1,,"32,76",4,9,2,0,2,0,0,2,1,1,5,18,0,9,5,9,9,9,32,68,1.32,1.48,0.56,2.4,2.88,55,76,42,32,17,35,72,39,80,5.96,5.09,5.25,3.9,1.61,1.24,1.7,2.95,5.75,1.8,1.95,The City Ground (Nottingham- Nottinghamshire)
Leeds United,Liverpool,31,1.33,0.87,1.16,1.21,1,6,7,2,0,2,47,"35,39,52,64,73,90",4,2,0,0,1,0,0,0,1,0,11,12,4,8,7,4,5,12,26,74,1.66,1.66,1.27,1.68,2.77,54,70,60,37,17,50,70,47,70,11.67,3.67,4.4,4.35,1.75,1.17,1.58,2.22,4,1.57,2.25,Elland Road (Leeds- West Yorkshire)
Arsenal,Southampton,32,2.53,0.87,2.37,0.74,3,3,6,3,1,2,"20,88,90","1,14,66",7,2,1,0,5,0,1,0,3,2,26,9,7,7,19,2,10,14,74,26,2.29,1.18,2.89,1.23,3.07,57,70,67,47,27,37,80,63,70,10.47,3.2,1.2,6.5,17,1.16,1.4,2.3,4.05,2.1,1.67,Emirates Stadium (London)
Fulham,Leeds United,32,1.47,0.6,1.53,0.47,2,1,3,0,0,0,"58,72",79,8,6,1,0,4,0,1,0,1,3,13,12,6,3,7,9,10,15,50,50,1.63,1.39,1.62,1.26,3,60,74,64,34,20,30,77,50,77,10.46,4.13,2.45,3.2,2.87,1.31,1.95,3.4,6.8,1.7,2.05,Craven Cottage (London)
Brentford,Aston Villa,32,1.8,1.4,1.95,1.21,1,1,2,0,0,0,65,87,8,4,3,0,2,0,1,2,1,1,12,14,6,3,6,11,14,8,42,58,1.52,1.29,1.56,1.34,2.74,54,90,50,27,7,40,77,44,84,8.33,3.73,2.35,3.25,3,1.35,1.95,3.7,7.6,1.75,2,Gtech Community Stadium (Brentford- Middlesex)
Crystal Palace,Everton,32,1.33,0.6,1.47,0.79,0,0,0,0,0,0,,,8,1,1,0,2,1,1,0,1,2,8,9,3,6,5,3,12,16,57,43,1.35,1.06,1.15,1.37,2.3,50,80,44,17,0,24,63,40,80,8.26,4.6,2.1,3.1,3.7,1.44,2.35,4.33,8,2.05,1.7,Selhurst Park (London)
Leicester City,Wolverhampton Wanderers,32,0.8,0.73,1,0.58,2,1,3,2,1,1,"37,75",13,1,7,1,0,3,0,0,1,2,1,13,11,9,4,4,7,17,15,42,58,1.39,1.33,1.67,1.28,2.37,50,74,50,17,4,30,73,34,77,7.87,3.93,2.4,3.2,3,1.35,2.1,3.8,7.5,1.91,1.91,King Power Stadium (Leicester- Leicestershire)
Liverpool,Nottingham Forest,32,2.21,0.4,2.32,0.42,3,2,5,0,0,0,"47,55,70","51,67",9,3,0,0,1,0,0,0,0,1,14,11,7,6,7,5,9,12,81,19,2.17,1.12,1.96,1.33,3.05,39,80,52,35,17,38,70,42,76,11.04,3.36,1.22,6,13,1.14,1.4,2.25,3.6,2.1,1.67,Anfield (Liverpool)
AFC Bournemouth,West Ham United,32,1.27,0.64,1.16,0.63,0,4,4,3,0,3,,"5,12,43,72",8,5,1,0,2,0,0,1,0,2,13,15,6,11,7,4,7,8,64,36,1.26,1.44,1.82,2.04,2.14,38,62,35,17,7,24,76,32,62,9.7,3.09,2.9,3.2,2.4,1.35,2.05,3.6,7.5,1.8,1.95,Vitality Stadium (Bournemouth- Dorset)
Newcastle United,Tottenham Hotspur,32,2.07,1.33,2.05,1.21,6,1,7,5,5,0,"2,6,9,19,21,67",49,9,3,0,0,3,0,0,0,2,1,14,9,9,4,5,5,7,13,57,43,1.97,1.55,1.99,1.02,2.78,48,72,41,37,21,25,62,55,76,12.71,3.79,1.75,3.65,4.4,1.28,1.83,3.1,6.2,1.75,2,St. James' Park (Newcastle upon Tyne)
Wolverhampton Wanderers,Crystal Palace,33,1.44,1,1.58,0.89,2,0,2,1,1,0,"3,90'4",,6,11,5,0,4,0,0,5,2,2,8,9,4,5,4,4,13,14,41,59,1.44,1.28,1.06,1.31,2.26,32,57,35,19,16,28,60,32,75,9.75,4.88,2.17,3.24,3.02,1.47,2.35,4.75,10,2,1.75,Molineux Stadium (Wolverhampton- West Midlands)
Aston Villa,Fulham,33,1.81,1.33,2,1.21,1,0,1,1,1,0,21,,8,2,3,0,2,0,0,3,1,1,8,2,4,0,4,2,6,18,52,48,1.52,1.31,1.05,0.45,2.84,55,74,62,32,17,32,74,55,84,8.31,4.96,1.71,3.83,3.96,1.28,1.84,3.15,6.2,1.75,2,Villa Park (Birmingham)
Leeds United,Leicester City,33,1.25,0.81,1.16,0.79,1,1,2,1,1,0,20,80,3,6,4,0,2,0,2,2,0,2,10,10,4,4,6,6,14,15,41,59,1.63,1.27,1.26,1.23,3.47,63,85,66,41,25,50,78,53,82,9.26,3.57,2.19,3.57,2.75,1.25,1.75,2.97,5.6,1.62,2.2,Elland Road (Leeds- West Yorkshire)
Nottingham Forest,Brighton & Hove Albion,33,1.31,1.67,1.58,1.47,3,1,4,2,1,1,"45'3,68,90'1",38,2,7,2,0,0,0,1,1,0,0,11,14,6,8,5,6,7,8,25,75,1.28,1.79,1.3,1.86,2.96,68,88,52,36,17,46,84,39,91,7.82,3.82,5.95,4.54,1.59,1.24,1.7,2.94,5.6,1.91,1.91,The City Ground (Nottingham- Nottinghamshire)
West Ham United,Liverpool,33,1.38,1,1.47,1.21,1,2,3,2,1,1,12,"18,67",3,6,0,0,0,0,0,0,0,0,7,14,3,5,4,9,6,8,28,72,1.56,1.66,1.01,1.62,2.72,47,82,47,32,13,50,82,35,69,10.94,2.76,3.62,3.8,2.1,1.23,1.74,2.74,5.1,1.62,2.2,London Stadium (London)
Chelsea,Brentford,33,1.44,1,1.32,1.16,0,2,2,1,0,1,,"37,78",5,2,1,0,2,0,0,1,0,2,13,7,5,2,8,5,5,13,73,27,1.57,1.24,1.81,0.82,2.35,44,66,41,26,10,29,57,41,72,10.19,3.63,1.71,4.02,5.45,1.31,1.94,3.4,6.8,1.95,1.8,Stamford Bridge (London)
Manchester City,Arsenal,33,2.67,2.25,2.74,2.05,4,1,5,2,2,0,"7,45'1,54,90'5",86,1,3,3,0,1,0,1,2,0,1,13,6,10,3,3,3,13,13,52,48,2.11,1.66,1.77,0.84,3.57,53,88,69,49,23,65,88,39,91,12.08,3.08,1.59,4.68,5.75,1.2,1.67,2.56,4.65,1.67,2.1,Etihad Stadium (Manchester)
Everton,Newcastle United,33,1.13,1.69,1.11,1.68,1,4,5,1,0,1,80,"28,72,75,81",3,14,2,0,1,0,1,1,0,1,11,12,6,9,5,3,8,6,40,60,1.6,1.47,1.41,1.75,2.32,50,69,47,16,13,29,66,41,69,10.75,3.94,4.2,3.35,1.75,1.33,2.05,3.54,6.8,1.95,1.8,Goodison Park (Liverpool)
Southampton,AFC Bournemouth,33,0.63,0.88,0.58,0.89,0,1,1,0,0,0,,50,6,4,0,0,3,0,0,0,0,3,9,7,3,3,6,4,9,11,56,44,1.48,1.08,1.17,0.97,3.16,51,78,53,38,25,29,75,50,85,8.25,3.38,2.21,3.35,2.83,1.32,2,3.3,6.5,1.75,2,St. Mary's Stadium (Southampton- Hampshire)
Tottenham Hotspur,Manchester United,33,2.06,1.53,1.95,1.42,2,2,4,2,0,2,"56,79","7,44",6,8,1,0,2,0,1,0,1,1,15,14,8,9,7,5,8,7,40,60,1.74,1.54,1.84,1.9,3.26,52,84,52,32,23,45,68,55,84,9.67,4.71,2.82,3.68,2.44,1.22,1.64,2.6,4.6,1.57,2.25,Tottenham Hotspur Stadium (London)
Crystal Palace,West Ham United,34,1.31,0.8,1.47,0.63,4,3,7,5,3,2,"15,20,30,66","9,35,72",8,5,1,0,2,0,1,0,1,1,11,8,7,5,4,3,9,17,60,40,1.34,1.48,1.6,1.2,2.1,42,61,39,20,0,20,59,39,71,10.28,3.65,2.6,3.3,2.63,1.38,2.15,3.8,7.75,1.98,1.81,Selhurst Park (London)
Brentford,Nottingham Forest,34,1.75,0.38,1.95,0.42,2,1,3,1,0,1,"82,90'4",45'1,6,0,1,0,2,0,1,0,1,1,16,5,10,4,6,1,6,13,69,31,1.52,1.13,2.17,0.75,2.91,47,88,50,35,16,35,66,50,85,9.12,3.38,1.67,3.75,5,1.27,1.98,3.4,6.3,1.93,1.83,Gtech Community Stadium (Brentford- Middlesex)
Brighton & Hove Albion,Wolverhampton Wanderers,34,1.71,0.69,1.79,0.58,6,0,6,4,4,0,"6,13,26,39,48,66",,2,5,1,0,1,0,1,0,0,1,24,10,10,3,14,7,14,11,57,43,2.03,1.33,2.56,1.1,2.55,50,69,50,18,15,28,66,44,83,12.04,3.94,1.44,4.5,6.5,1.22,1.71,2.85,5,1.93,1.83,The American Express Community Stadium (Falmer- East Sussex)
AFC Bournemouth,Leeds United,34,1.19,0.56,1.16,0.47,4,1,5,3,2,1,"20,24,63,90'1",32,2,6,1,0,0,0,0,1,0,0,10,14,8,7,2,7,12,14,43,57,1.29,1.38,1.47,1.77,2.79,51,72,54,29,19,35,76,38,72,9.19,4.32,2.66,3.3,2.42,1.31,1.87,3.4,6.8,1.7,2.1,Vitality Stadium (Bournemouth- Dorset)
Fulham,Manchester City,34,1.56,2,1.53,1.95,1,2,3,3,1,2,15,"3,36",2,5,1,0,3,0,0,1,0,3,3,13,2,10,1,3,9,10,37,63,1.63,1.88,0.52,2,2.77,58,74,58,29,17,26,71,52,84,11.55,2.89,10.2,5.8,1.22,1.17,1.54,2.33,4,1.92,1.89,Craven Cottage (London)
Manchester United,Aston Villa,34,2.4,1.38,2.53,1.21,1,0,1,1,1,0,39,,1,4,2,0,0,0,0,2,0,0,13,4,7,2,6,2,16,7,57,43,1.83,1.29,1.66,0.65,2.39,45,81,52,16,0,26,71,49,77,9.95,4.44,1.63,3.8,4.65,1.22,1.72,2.7,5,1.6,2.15,Old Trafford (Manchester)
Newcastle United,Southampton,34,2.13,0.88,2.05,0.74,3,1,4,1,0,1,"54,79,81",41,11,2,1,0,4,0,0,1,1,3,15,5,6,4,9,1,7,10,64,36,1.98,1.18,1.98,0.75,2.49,39,59,42,26,17,32,67,46,59,11.11,4.05,1.31,4.8,8.55,1.22,1.78,2.45,5,2.18,1.65,St. James' Park (Newcastle upon Tyne)
Liverpool,Tottenham Hotspur,34,2.27,1.25,2.32,1.21,4,3,7,4,3,1,"3,5,15,90'4","39,77,90'3",4,2,3,0,2,0,0,3,0,2,9,11,5,8,4,3,12,7,68,32,2.15,1.51,1.38,1.4,3.49,58,81,58,48,29,33,74,52,81,11.68,3.39,1.67,4,4.75,1.17,1.53,2.38,4,1.61,2.15,Anfield (Liverpool)
Leicester City,Everton,34,0.94,0.63,1,0.79,2,2,4,3,2,1,"22,33","15,54",2,9,4,0,1,0,1,3,0,1,11,18,7,9,4,9,10,12,55,45,1.4,1.08,1.54,2.28,2.38,44,72,47,25,3,38,72,25,69,7.19,3.81,2.15,3.3,3.4,1.33,2,3.4,6,1.8,1.95,King Power Stadium (Leicester- Leicestershire)
Arsenal,Chelsea,34,2.44,1.07,2.37,1,3,1,4,3,3,0,"18,31,34",65,7,2,0,0,2,0,0,0,0,2,17,8,11,5,6,3,10,10,55,45,2.33,1.56,2.3,1.12,3.13,64,81,64,44,29,45,77,57,77,12.19,3.33,1.86,3.82,3.86,1.25,1.95,2.85,5,1.8,1.95,Emirates Stadium (London)
Liverpool,Fulham,28,2.31,1.25,2.32,1.21,1,0,1,1,1,0,39,,7,5,0,0,0,0,0,0,0,0,16,10,4,4,12,6,10,8,58,42,2.1,1.25,1.8,1.21,3.16,56,72,63,38,25,38,72,50,75,10.38,4.63,1.36,5,8.5,1.14,1.5,2.25,3.85,1.8,2.02,Anfield (Liverpool)
Manchester City,West Ham United,28,2.69,0.75,2.74,0.63,3,0,3,0,0,0,"50,70,85",,6,3,0,0,1,0,0,0,0,1,17,7,8,3,9,4,8,8,70,30,2.09,1.46,2.08,0.87,3.41,54,78,63,50,22,53,85,47,85,12.38,2.75,1.22,6,15,1.14,1.5,2.2,3.75,2.07,1.73,Etihad Stadium (Manchester)
Brighton & Hove Albion,Manchester United,28,1.8,1.5,1.79,1.42,1,0,1,0,0,0,90'9,,8,6,4,0,4,0,0,4,1,3,23,17,7,6,16,11,10,14,60,40,2.07,1.57,2.33,1.75,3.13,42,67,52,39,26,39,65,49,77,11.4,3.78,2,3.6,3.5,0,1.57,2.3,0,1.53,2.38,The American Express Community Stadium (Falmer- East Sussex)
AFC Bournemouth,Chelsea,35,1.29,1,1.16,1,1,3,4,2,1,1,21,"9,82,86",7,7,1,0,3,0,1,0,2,1,13,12,5,6,8,6,9,11,34,66,1.31,1.54,1.46,1.78,2.39,46,73,46,22,12,43,82,24,64,9.18,3.96,4.8,3.83,1.59,1.31,1.87,3.42,6,1.8,1.95,Vitality Stadium (Bournemouth- Dorset)
Manchester City,Leeds United,35,2.71,0.53,2.74,0.47,2,1,3,2,2,0,"19,27",85,10,1,0,0,3,0,0,0,1,2,19,5,7,3,12,2,3,16,81,19,2.08,1.41,2.27,0.61,3.79,65,86,77,53,32,56,80,56,91,11.7,3.71,1.17,7.5,15,1.1,1.33,1.8,2.97,1.95,1.8,Etihad Stadium (Manchester)
Tottenham Hotspur,Crystal Palace,35,2,0.94,1.95,0.89,1,0,1,1,1,0,45'1,,8,4,3,0,5,0,0,3,0,5,9,10,4,3,5,7,15,14,57,43,1.75,1.28,1.1,1.18,2.85,50,77,47,27,21,44,68,53,80,10.53,4.76,1.51,4.12,5.15,1.26,1.77,2.97,5,1.7,2.05,Tottenham Hotspur Stadium (London)
Wolverhampton Wanderers,Aston Villa,35,1.53,1.29,1.58,1.21,1,0,1,1,1,0,9,,5,6,3,0,3,0,1,2,1,2,7,19,3,4,4,15,20,9,38,62,1.42,1.25,0.85,1.87,2.24,33,68,35,18,6,30,65,30,79,9.35,4.83,2.33,3.18,2.8,1.4,2.24,3.6,7.25,1.91,1.91,Molineux Stadium (Wolverhampton- West Midlands)
Liverpool,Brentford,35,2.35,1.12,2.32,1.16,1,0,1,1,1,0,13,,7,3,4,0,2,0,2,2,1,1,16,6,6,2,10,4,19,10,54,46,2.09,1.21,1.75,0.85,3.12,50,76,50,38,24,41,76,41,71,10.47,2.76,1.3,5.33,7.02,1.16,1.57,2.1,3.95,1.62,2.2,Anfield (Liverpool)
Newcastle United,Arsenal,35,2.19,2.12,2.05,2.05,0,2,2,1,0,1,,"14,71",9,4,2,0,1,0,0,2,0,1,13,11,6,7,7,4,16,12,54,46,1.98,1.61,1.69,1.5,2.82,43,73,46,33,19,42,66,43,76,12.71,3.45,2.43,3.95,2.8,1.22,1.68,2.67,4.85,1.53,2.38,St. James' Park (Newcastle upon Tyne)
West Ham United,Manchester United,35,1.29,1.41,1.47,1.42,1,0,1,1,1,0,27,,5,6,0,0,2,0,0,0,1,1,16,20,5,5,11,15,4,9,35,65,1.53,1.58,1.7,2,2.89,47,85,41,30,12,44,80,33,77,9.47,3.47,3.4,3.6,2.05,1.22,1.73,2.74,5.1,1.62,2.2,London Stadium (London)
Fulham,Leicester City,35,1.47,0.82,1.53,0.79,5,3,8,3,3,0,"10,18,44,51,70","59,81,89",3,7,0,0,3,0,0,0,1,2,16,21,8,10,8,11,13,17,57,43,1.57,1.27,1.89,2.38,3.21,65,88,68,30,18,35,82,53,80,9.18,3.24,2.65,3.75,2.6,1.25,1.88,2.95,5.7,1.67,2.1,Craven Cottage (London)
Brighton & Hove Albion,Everton,35,1.88,0.65,1.79,0.79,1,5,6,3,0,3,79,"1,29,35,76,90'6",15,2,1,0,5,0,1,0,3,2,24,11,6,6,18,5,11,13,76,24,2.08,1.15,2.87,1.34,2.62,39,66,46,31,16,34,64,37,76,11.32,3.87,1.4,5.1,7.6,1.16,1.89,2.25,4.35,1.91,1.91,The American Express Community Stadium (Falmer- East Sussex)
Nottingham Forest,Southampton,35,1.41,0.82,1.58,0.74,4,3,7,4,3,1,"18,21,44,73","25,51,90'6",2,11,1,0,0,0,0,1,0,0,11,20,6,6,5,14,15,10,36,64,1.28,1.16,1.38,2.08,2.5,50,65,44,29,12,32,82,35,68,5.89,5.12,2.09,3.5,3.6,1.3,2.05,3.5,7.5,1.8,1.95,The City Ground (Nottingham- Nottinghamshire)
Leeds United,Newcastle United,36,1.24,1.76,1.16,1.68,2,2,4,2,1,1,"7,79","31,69",2,6,4,1,2,0,0,5,0,2,10,19,5,6,5,13,16,14,37,63,1.61,1.49,1.19,2.24,2.92,62,76,59,33,24,44,76,44,71,11.89,3.71,4.58,4.26,1.7,1.21,1.63,2.64,4.85,1.62,2.2,Elland Road (Leeds- West Yorkshire)
Aston Villa,Tottenham Hotspur,36,1.88,1.18,2,1.21,2,1,3,1,1,0,"8,72",90,8,3,3,0,3,0,1,2,0,3,9,8,5,4,4,4,9,14,49,51,1.5,1.51,1.29,1.04,3.27,56,79,56,44,24,29,79,56,85,9.36,3.82,2.25,3.45,2.8,1.22,1.72,2.87,4.9,1.62,2.2,Villa Park (Birmingham)
Crystal Palace,AFC Bournemouth,36,1.41,1,1.47,0.89,2,0,2,1,1,0,"39,58",,11,2,0,0,2,0,0,0,0,2,17,6,6,0,11,6,5,12,60,40,1.36,1.07,2.12,0.53,2.85,44,74,50,30,18,33,65,47,82,8.29,4.12,1.9,3.4,3.85,1.3,1.83,3.46,5.5,1.8,1.95,Selhurst Park (London)
Manchester United,Wolverhampton Wanderers,36,2.44,0.65,2.53,0.58,2,0,2,1,1,0,"32,90'4",,11,7,3,0,2,0,1,2,1,1,21,6,10,0,11,6,9,9,48,52,1.82,1.32,2.5,0.77,2.39,49,79,55,10,3,19,76,49,82,10.17,4.48,1.4,4.75,7,1.19,1.6,2.61,4.2,1.91,1.91,Old Trafford (Manchester)
Southampton,Fulham,36,0.59,1.18,0.58,1.21,0,2,2,0,0,0,,"48,72",1,8,2,0,0,0,0,2,0,0,8,11,3,5,5,6,17,12,36,64,1.46,1.25,0.96,1.57,2.62,56,65,53,29,18,21,68,50,77,8.82,4.41,2.4,3.2,2.9,1.29,1.97,3.34,6,1.7,2.05,St. Mary's Stadium (Southampton- Hampshire)
Chelsea,Nottingham Forest,36,1.35,0.35,1.32,0.42,2,2,4,1,0,1,"51,58","13,62",2,5,3,0,1,0,0,3,0,1,14,10,7,3,7,7,13,15,76,24,1.59,1.11,1.9,1.04,2.41,35,71,44,24,9,21,50,44,79,10.24,4.06,1.37,4.75,7.5,1.28,1.82,3.24,5.5,1.95,1.8,Stamford Bridge (London)
Brentford,West Ham United,36,1.82,0.71,1.95,0.63,2,0,2,2,2,0,"20,43",,7,5,1,0,0,0,0,1,0,0,28,7,11,6,17,1,5,5,53,47,1.56,1.43,2.99,1.14,2.71,50,77,47,29,9,30,71,47,80,10.23,2.88,1.97,3.7,3.9,1.27,1.88,3.3,6.75,1.75,2,Gtech Community Stadium (Brentford- Middlesex)
Everton,Manchester City,36,1.06,2.06,1.11,1.95,0,3,3,2,0,2,,"37,39,51",8,6,1,0,0,0,0,1,0,0,8,10,4,5,4,5,11,4,37,63,1.59,1.89,1.14,1.42,2.52,52,67,46,25,16,25,61,46,82,10.57,3.62,8.8,5.2,1.36,1.18,1.59,2.5,4.6,1.95,1.8,Goodison Park (Liverpool)
Arsenal,Brighton & Hove Albion,36,2.47,1.56,2.37,1.47,0,3,3,0,0,0,,"51,86,90'6",5,2,1,0,2,0,0,1,1,1,15,13,3,7,12,6,13,17,41,59,2.32,1.79,1.43,1.5,3.81,82,97,82,63,33,58,85,72,97,12.31,2,2,3.39,3.2,1.18,1.66,2.25,4.4,1.57,2.25,Emirates Stadium (London)
Leicester City,Liverpool,36,0.94,1.12,1,1.21,0,3,3,2,0,2,,"33,36,71",4,4,2,0,1,0,0,2,0,1,5,12,5,6,0,6,10,15,33,67,1.41,1.66,0.87,1.58,2.71,50,68,62,35,12,53,74,33,68,9,3.18,5.5,4.33,1.5,1.13,1.46,2.1,3.65,1.57,2.25,King Power Stadium (Leicester- Leicestershire)
Newcastle United,Brighton & Hove Albion,25,2.06,1.65,2.05,1.47,4,1,5,2,2,0,"22,45'4,89,90'1",51,6,1,2,0,4,0,2,0,1,3,23,9,10,3,13,6,17,16,34,66,1.96,1.77,2.47,1.02,3.06,59,86,56,38,18,44,71,56,86,13.12,2.77,1.95,3.6,3.6,1.2,1.57,2.5,4.33,1.53,2.38,St. James' Park (Newcastle upon Tyne)
Tottenham Hotspur,Brentford,37,2.06,1.06,1.95,1.16,1,3,4,1,1,0,8,"50,62,88",8,2,1,0,1,0,1,0,0,1,23,12,9,5,14,7,11,9,62,38,1.71,1.19,2.47,1.47,2.92,50,78,48,33,20,48,75,50,75,9.84,3.77,1.83,3.85,3.85,1.24,1.75,2.89,5.5,1.67,2.1,Tottenham Hotspur Stadium (London)
AFC Bournemouth,Manchester United,37,1.22,1.33,1.16,1.42,0,1,1,1,0,1,,9,3,6,1,0,0,0,0,1,0,0,11,21,5,5,6,16,6,7,41,59,1.31,1.6,1.34,2.25,2.81,44,75,47,31,17,39,78,39,73,8.61,4,5.5,4.5,1.5,1.18,1.55,2.4,4.3,1.67,2.1,Vitality Stadium (Bournemouth- Dorset)
Fulham,Crystal Palace,37,1.56,0.89,1.53,0.89,2,2,4,2,1,1,"45'5,61","34,83",7,4,3,0,0,0,0,3,0,0,10,11,5,5,5,6,13,12,49,51,1.58,1.28,1.37,1.34,2.7,53,72,53,23,17,31,75,48,70,10.06,4.05,2.4,3.25,2.9,1.35,1.95,3.75,7.6,1.75,2,Craven Cottage (London)
Liverpool,Aston Villa,37,2.39,1.22,2.32,1.21,1,1,2,1,0,1,89,27,9,3,3,0,5,0,1,2,1,4,12,6,7,4,5,2,16,13,66,34,2.07,1.29,1.91,0.87,2.84,47,75,48,28,14,36,75,39,70,10.56,3.72,1.5,5,5.25,1.17,1.57,2.38,4.1,1.67,2.1,Anfield (Liverpool)
Wolverhampton Wanderers,Everton,37,1.61,0.78,1.58,0.79,1,1,2,1,1,0,34,90'9,1,7,5,0,1,0,2,3,0,1,13,19,5,5,8,14,18,10,53,47,1.39,1.16,1.38,2.06,2.31,34,67,36,23,9,28,67,25,78,9.34,5.06,2.5,3.3,2.7,1.36,2.05,3.8,7.6,1.8,1.95,Molineux Stadium (Wolverhampton- West Midlands)
Nottingham Forest,Arsenal,37,1.5,2.17,1.58,2.05,1,0,1,1,1,0,19,,3,6,3,0,2,0,2,1,0,2,7,12,3,4,4,8,11,12,18,82,1.28,1.61,0.88,1.69,2.84,50,78,45,33,17,45,81,31,83,7.28,4.34,6.5,4.75,1.4,1.18,1.57,2.4,4.4,1.67,2.1,The City Ground (Nottingham- Nottinghamshire)
West Ham United,Leeds United,37,1.39,0.5,1.47,0.47,3,1,4,2,1,1,"31,72,90'4",17,9,5,1,0,3,0,0,1,0,3,21,13,10,4,11,9,8,11,59,41,1.54,1.36,2.52,1.51,2.92,56,81,50,31,17,45,81,34,75,10,3.5,2,3.66,3.56,1.26,1.77,3,5.9,1.62,2.2,London Stadium (London)
Brighton & Hove Albion,Southampton,37,1.76,0.78,1.79,0.74,3,1,4,2,2,0,"29,40,69",58,4,3,2,0,5,0,0,2,3,2,27,7,9,3,18,4,8,9,62,38,2.13,1.21,2.79,0.8,2.89,40,55,55,37,26,37,71,46,66,11.55,3.92,1.18,7,17,1.13,1.57,2,3.35,1.91,1.91,The American Express Community Stadium (Falmer- East Sussex)
Manchester City,Chelsea,37,2.72,1.12,2.74,1,1,0,1,1,1,0,12,,5,2,0,0,2,0,0,0,1,1,16,14,3,7,13,7,12,9,65,35,2.1,1.55,1.56,1.6,3.29,60,86,68,43,20,63,85,40,83,12.06,3.52,1.26,6.08,9.32,1.15,1.6,2.25,4,2,1.75,Etihad Stadium (Manchester)
Newcastle United,Leicester City,37,2.11,0.78,2.05,0.79,0,0,0,0,0,0,,,12,1,2,0,0,0,2,0,0,0,24,2,5,2,19,0,9,5,78,22,1.99,1.33,2.58,0.4,3.31,56,83,53,36,25,39,72,56,81,11.66,3.45,1.3,4.97,7.7,1.16,1.48,2.3,4.1,1.75,2,St. James' Park (Newcastle upon Tyne)
Brighton & Hove Albion,Manchester City,32,1.83,2.12,1.79,1.95,1,1,2,2,1,1,38,25,5,1,2,0,1,0,0,2,1,0,21,15,8,6,13,9,16,11,39,61,2.17,1.86,2.22,1.61,2.94,46,64,55,37,26,40,63,46,83,13.32,2.96,3.6,3.8,1.91,1.17,1.53,2.25,3.8,1.5,2.5,The American Express Community Stadium (Falmer- East Sussex)
Manchester United,Chelsea,32,2.47,1.06,2.53,1,4,1,5,2,2,0,"6,45'5,73,78",89,3,4,1,0,1,0,0,1,0,1,19,14,10,6,9,8,12,6,41,59,1.86,1.55,2.32,1.79,2.26,43,69,49,17,3,28,77,35,66,11.07,4.51,1.78,4.02,4.18,1.18,1.61,2.4,4,1.62,2.2,Old Trafford (Manchester)
Arsenal,Wolverhampton Wanderers,38,2.33,0.61,2.37,0.58,5,0,5,3,3,0,"11,14,27,58,78",,8,4,0,0,0,0,0,0,0,0,17,7,10,0,7,7,8,11,51,49,2.27,1.29,2.17,0.7,3.28,67,92,70,39,25,36,78,67,94,11.38,3.27,1.44,4.6,7,1.13,1.53,2.3,3.7,1.67,2.1,Emirates Stadium (London)
Aston Villa,Brighton & Hove Albion,38,1.94,1.56,2,1.47,2,1,3,3,2,1,"8,26",38,3,3,4,0,4,0,3,1,1,3,13,9,6,5,7,4,15,16,41,59,1.49,1.73,1.51,1.17,3.2,64,89,67,39,17,45,83,56,92,9.66,3.11,2.3,3.5,2.9,1.15,1.67,2.4,4,1.44,2.63,Villa Park (Birmingham)
Brentford,Manchester City,38,1.89,2.06,1.95,1.95,1,0,1,0,0,0,85,,3,4,4,0,0,0,0,4,0,0,15,19,5,4,10,15,12,8,34,66,1.64,1.85,1.63,2.06,2.81,59,83,50,28,14,39,73,45,83,10.39,2.77,5.5,4.2,1.57,1.16,1.53,1.98,4.4,1.62,2.2,Gtech Community Stadium (Brentford- Middlesex)
Chelsea,Newcastle United,38,1.33,1.72,1.32,1.68,1,1,2,2,1,1,27,9,10,3,0,0,0,0,0,0,0,0,25,14,8,5,17,9,9,12,65,35,1.61,1.53,2.67,1.52,2.39,50,70,50,23,11,25,61,42,73,12.11,3.94,2.8,3.6,2.37,1.22,1.57,2.7,4.75,1.57,2.25,Stamford Bridge (London)
Crystal Palace,Nottingham Forest,38,1.5,0.39,1.47,0.42,1,1,2,1,0,1,66,31,5,4,0,0,2,0,0,0,1,1,14,7,6,5,8,2,9,12,66,34,1.4,1.1,1.52,0.88,2.64,45,78,50,28,12,25,59,50,81,9.39,3.89,1.8,3.7,4.33,1.18,1.7,2.5,4.5,1.62,2.2,Selhurst Park (London)
Everton,AFC Bournemouth,38,1,0.94,1.11,0.89,1,0,1,0,0,0,57,,9,3,1,0,3,0,0,1,0,3,14,8,7,3,7,5,11,13,38,62,1.56,1.04,1.75,1.03,2.81,39,73,47,28,20,31,70,44,84,8.39,4.05,1.5,4.33,7,1.22,1.67,2.63,4.5,1.91,1.91,Goodison Park (Liverpool)
Leeds United,Tottenham Hotspur,38,1.22,1.11,1.16,1.21,1,4,5,1,0,1,67,"2,47,69,90'5",12,3,3,0,0,0,2,1,0,0,20,12,3,8,17,4,7,5,52,48,1.59,1.48,2.08,1.53,3.45,67,81,61,50,28,42,78,59,84,10.11,4.33,2.65,3.6,2.5,1.15,1.44,2.3,3.75,1.44,2.63,Elland Road (Leeds- West Yorkshire)
Leicester City,West Ham United,38,0.89,0.67,1,0.63,2,1,3,1,1,0,"34,62",79,3,5,1,0,1,0,0,1,0,1,14,17,5,4,9,13,8,11,48,52,1.38,1.41,1.54,1.71,2.53,39,64,50,31,6,42,73,28,67,8.89,3,2.2,3.6,3.1,1.2,1.61,2.6,4.5,1.62,2.2,King Power Stadium (Leicester- Leicestershire)
Manchester United,Fulham,38,2.5,1.28,2.53,1.21,2,1,3,2,1,1,"39,55",19,5,4,1,0,2,0,0,1,0,2,21,12,9,5,12,7,14,10,54,46,1.89,1.27,2.27,1.34,2.45,45,67,56,23,12,23,73,53,72,10.06,4.94,1.44,4.75,7,1.14,1.4,2.1,3.5,1.62,2.2,Old Trafford (Manchester)
Southampton,Liverpool,38,0.56,1.22,0.58,1.21,4,4,8,4,2,2,"19,28,47,64","10,14,72,73",2,9,0,0,2,0,0,0,1,1,16,27,11,9,5,18,5,10,31,69,1.43,1.66,1.83,2.82,2.75,53,72,56,31,17,34,67,47,78,10.17,2.94,6.5,4.6,1.44,1.11,1.4,2.1,3.2,1.57,2.25,St. Mary's Stadium (Southampton- Hampshire)
