team_name,common_name,name,season,country,average_attendance_overall,average_attendance_home,average_attendance_away,minutes_per_goal_scored_overall,minutes_per_goal_scored_home,minutes_per_goal_scored_away,minutes_per_goal_conceded_overall,minutes_per_goal_conceded_home,minutes_per_goal_conceded_away,highest_goals_scored_home,highest_goals_scored_away,highest_goals_conceded_home,highest_goals_conceded_away,half_time_points_overall,half_time_points_home,half_time_points_away,corners_recorded_matches_num_overall,corners_recorded_matches_num_home,cornersRecorded_matches_away,corners_total_per_match_overall,corners_total_per_match_home,corners_total_per_match_away,corners_against_overall,corners_against_home,corners_against_away,corners_against_per_match_overall,corners_against_per_match_home,corners_against_per_match_away,over65_corners_num_overall,over75_corners_num_overall,over85_corners_num_overall,over95_corners_num_overall,over105_corners_num_overall,over115_corners_num_overall,over125_corners_num_overall,over135_corners_num_overall,over145_corners_num_overall,over65_corners_num_home,over75_corners_num_home,over85_corners_num_home,over95_corners_num_home,over105_corners_num_home,over115_corners_num_home,over125_corners_num_home,over135_corners_num_home,over145_corners_num_home,over65_corners_percentage_home,over75_corners_percentage_home,over85_corners_percentage_home,over95_corners_percentage_home,over105_corners_percentage_home,over115_corners_percentage_home,over125_corners_percentage_home,over135_corners_percentage_home,over145_corners_percentage_home,over65_corners_num_away,over75_corners_num_away,over85_corners_num_away,over95_corners_num_away,over105_corners_num_away,over115_corners_num_away,over125_corners_num_away,over135_corners_num_away,over145_corners_num_away,over65_corners_percentage_away,over75_corners_percentage_away,over85_corners_percentage_away,over95_corners_percentage_away,over105_corners_percentage_away,over115_corners_percentage_away,over125_corners_percentage_away,over135_corners_percentage_away,over145_corners_percentage_away,over25_corners_for_overall,over35_corners_for_overall,over45_corners_for_overall,over55_corners_for_overall,over65_corners_for_overall,over75_corners_for_overall,over85_corners_for_overall,over25_corners_for_percentage_overall,over35_corners_for_percentage_overall,over45_corners_for_percentage_overall,over55_corners_for_percentage_overall,over65_corners_for_percentage_overall,over75_corners_for_percentage_overall,over85_corners_for_percentage_overall,over25_corners_for_home,over35_corners_for_home,over45_corners_for_home,over55_corners_for_home,over65_corners_for_home,over75_corners_for_home,over85_corners_for_home,over25_corners_for_percentage_home,over35_corners_for_percentage_home,over45_corners_for_percentage_home,over55_corners_for_percentage_home,over65_corners_for_percentage_home,over75_corners_for_percentage_home,over85_corners_for_percentage_home,over25_corners_for_away,over35_corners_for_away,over45_corners_for_away,over55_corners_for_away,over65_corners_for_away,over75_corners_for_away,over85_corners_for_away,over25_corners_for_percentage_away,over35_corners_for_percentage_away,over45_corners_for_percentage_away,over55_corners_for_percentage_away,over65_corners_for_percentage_away,over75_corners_for_percentage_away,over85_corners_for_percentage_away,over25_corners_against_overall,over35_corners_against_overall,over45_corners_against_overall,over55_corners_against_overall,over65_corners_against_overall,over75_corners_against_overall,over85_corners_against_overall,over25_corners_against_percentage_overall,over35_corners_against_percentage_overall,over45_corners_against_percentage_overall,over55_corners_against_percentage_overall,over65_corners_against_percentage_overall,over75_corners_against_percentage_overall,over85_corners_against_percentage_overall,over25_corners_against_home,over35_corners_against_home,over45_corners_against_home,over55_corners_against_home,over65_corners_against_home,over75_corners_against_home,over85_corners_against_home,over25_corners_against_percentage_home,over35_corners_against_percentage_home,over45_corners_against_percentage_home,over55_corners_against_percentage_home,over65_corners_against_percentage_home,over75_corners_against_percentage_home,over85_corners_against_percentage_home,over25_corners_against_away,over35_corners_against_away,over45_corners_against_away,over55_corners_against_away,over65_corners_against_away,over75_corners_against_away,over85_corners_against_away,over25_corners_against_percentage_away,over35_corners_against_percentage_away,over45_corners_against_percentage_away,over55_corners_against_percentage_away,over65_corners_against_percentage_away,over75_corners_against_percentage_away,over85_corners_against_percentage_away,cornerTimingRecorded_matches_overall,cornerTimingRecorded_matches_home,cornerTimingRecorded_matches_away,corners_total_fh_overall,corners_total_fh_home,corners_total_fh_away,corners_total_2h_overall,corners_total_2h_home,corners_total_2h_away,corners_total_per_match_fh_overall,corners_total_per_match_fh_home,corners_total_per_match_fh_away,corners_total_per_match_2h_overall,corners_total_per_match_2h_home,corners_total_per_match_2h_away,corners_total_fh_over4_overall,corners_total_fh_over5_overall,corners_total_fh_over6_overall,corners_total_2h_over4_overall,corners_total_2h_over5_overall,corners_total_2h_over6_overall,over05_cards_total_overall,over15_cards_total_overall,over25_cards_total_overall,over35_cards_total_overall,over45_cards_total_overall,over55_cards_total_overall,over65_cards_total_overall,over75_cards_total_overall,over85_cards_total_overall,over05_cards_total_percentage_overall,over15_cards_total_percentage_overall,over25_cards_total_percentage_overall,over35_cards_total_percentage_overall,over45_cards_total_percentage_overall,over55_cards_total_percentage_overall,over65_cards_total_percentage_overall,over75_cards_total_percentage_overall,over85_cards_total_percentage_overall,over05_cards_total_home,over15_cards_total_home,over25_cards_total_home,over35_cards_total_home,over45_cards_total_home,over55_cards_total_home,over65_cards_total_home,over75_cards_total_home,over85_cards_total_home,over05_cards_total_percentage_home,over15_cards_total_percentage_home,over25_cards_total_percentage_home,over35_cards_total_percentage_home,over45_cards_total_percentage_home,over55_cards_total_percentage_home,over65_cards_total_percentage_home,over75_cards_total_percentage_home,over85_cards_total_percentage_home,over05_cards_total_away,over15_cards_total_away,over25_cards_total_away,over35_cards_total_away,over45_cards_total_away,over55_cards_total_away,over65_cards_total_away,over75_cards_total_away,over85_cards_total_away,over05_cards_total_percentage_away,over15_cards_total_percentage_away,over25_cards_total_percentage_away,over35_cards_total_percentage_away,over45_cards_total_percentage_away,over55_cards_total_percentage_away,over65_cards_total_percentage_away,over75_cards_total_percentage_away,over85_cards_total_percentage_away,over05_cards_for_overall,over15_cards_for_overall,over25_cards_for_overall,over35_cards_for_overall,over45_cards_for_overall,over55_cards_for_overall,over65_cards_for_overall,over05_cards_for_percentage_overall,over15_cards_for_percentage_overall,over25_cards_for_percentage_overall,over35_cards_for_percentage_overall,over45_cards_for_percentage_overall,over55_cards_for_percentage_overall,over65_cards_for_percentage_overall,over05_cards_for_home,over15_cards_for_home,over25_cards_for_home,over35_cards_for_home,over45_cards_for_home,over55_cards_for_home,over65_cards_for_home,over05_cards_for_percentage_home,over15_cards_for_percentage_home,over25_cards_for_percentage_home,over35_cards_for_percentage_home,over45_cards_for_percentage_home,over55_cards_for_percentage_home,over65_cards_for_percentage_home,over05_cards_for_away,over15_cards_for_away,over25_cards_for_away,over35_cards_for_away,over45_cards_for_away,over55_cards_for_away,over65_cards_for_away,over05_cards_for_percentage_away,over15_cards_for_percentage_away,over25_cards_for_percentage_away,over35_cards_for_percentage_away,over45_cards_for_percentage_away,over55_cards_for_percentage_away,over65_cards_for_percentage_away,over05_cards_against_overall,over15_cards_against_overall,over25_cards_against_overall,over35_cards_against_overall,over45_cards_against_overall,over55_cards_against_overall,over65_cards_against_overall,over05_cards_against_percentage_overall,over15_cards_against_percentage_overall,over25_cards_against_percentage_overall,over35_cards_against_percentage_overall,over45_cards_against_percentage_overall,over55_cards_against_percentage_overall,over65_cards_against_percentage_overall,over05_cards_against_home,over15_cards_against_home,over25_cards_against_home,over35_cards_against_home,over45_cards_against_home,over55_cards_against_home,over65_cards_against_home,over05_cards_against_percentage_home,over15_cards_against_percentage_home,over25_cards_against_percentage_home,over35_cards_against_percentage_home,over45_cards_against_percentage_home,over55_cards_against_percentage_home,over65_cards_against_percentage_home,over05_cards_against_away,over15_cards_against_away,over25_cards_against_away,over35_cards_against_away,over45_cards_against_away,over55_cards_against_away,over65_cards_against_away,over05_cards_against_percentage_away,over15_cards_against_percentage_away,over25_cards_against_percentage_away,over35_cards_against_percentage_away,over45_cards_against_percentage_away,over55_cards_against_percentage_away,over65_cards_against_percentage_away,firstGoalScoredPercentage_overall,firstGoalScoredPercentage_home,firstGoalScoredPercentage_away,shots_per_match_overall,shots_per_match_home,shots_per_match_away,shots_on_target_per_match_overall,shots_on_target_per_match_home,shots_on_target_per_match_away,shots_off_target_per_match_overall,shots_off_target_per_match_home,shots_off_target_per_match_away,fouls_by_this_team_overall,fouls_by_this_team_home,fouls_by_this_team_away,fouls_per_match_overall,fouls_per_match_home,fouls_per_match_away,offsides_total_overall,offsides_total_home,offsides_total_away,offsides_this_team_overall,offsides_this_team_home,offsides_this_team_away,offsidesRecorded_matches_overall,offsidesRecorded_matches_home,offsidesRecorded_matches_away,offsides_total_per_match_overall,offsides_total_per_match_home,offsides_total_per_match_away,offsides_this_team_per_match_overall,offsides_this_team_per_match_home,offsides_this_team_per_match_away,offsides_total_over05_overall,offsides_total_over15_overall,offsides_total_over25_overall,offsides_total_over35_overall,offsides_total_over45_overall,scoredBothHalves_overall,scoredBothHalves_home,scoredBothHalves_away,scoredBothHalvesPercentage_overall,scoredBothHalvesPercentage_home,scoredBothHalvesPercentage_away,BTTS_both_halves_overall,BTTS_both_halves_home,BTTS_both_halves_away,BTTS_and_win_overall,BTTS_and_win_home,BTTS_and_win_away,BTTS_and_win_percentage_overall,BTTS_and_win_percentage_home,BTTS_and_win_percentage_away,BTTS_and_draw_overall,BTTS_and_draw_home,BTTS_and_draw_away,BTTS_and_draw_percentage_overall,BTTS_and_draw_percentage_home,BTTS_and_draw_percentage_away,BTTS_and_lose_overall,BTTS_and_lose_home,BTTS_and_lose_away,BTTS_and_lose_percentage_overall,BTTS_and_lose_percentage_home,BTTS_and_lose_percentage_away,matches_goal_timings_recorded_overall,matches_goal_timings_recorded_home,matches_goal_timings_recorded_away,total_goals_2h_overall,total_goals_2h_home,total_goals_2h_away,average_total_goals_2h_per_match_overall,average_total_goals_2h_per_match_home,average_total_goals_2h_per_match_away,goals_scored_2h_overall,goals_scored_2h_home,goals_scored_2h_away,goals_scored_2h_per_match_overall,goals_scored_2h_per_match_home,goals_scored_2h_per_match_away,goals_conceded_2h_overall,goals_conceded_2h_home,goals_conceded_2h_away,goals_conceded_2h_per_match_overall,goals_conceded_2h_per_match_home,goals_conceded_2h_per_match_away,over05_2hg_matches_overall,over15_2hg_matches_overall,over25_2hg_matches_overall,over05_2hg_percentage_overall,over15_2hg_percentage_overall,over25_2hg_percentage_overall,points_2h_overall,points_2h_home,points_2h_away,ppg_2h_overall,ppg_2h_home,ppg_2h_away,wins_2h_overall,wins_2h_home,wins_2h_away,wins_2h_percentage_overall,wins_2h_percentage_home,wins_2h_percentage_away,draws_2h_overall,draws_2h_home,draws_2h_away,losses_2h_overall,losses_2h_home,losses_2h_away,btts_2h_overall,btts_2h_home,btts_2h_away,btts_2h_percentage_overall,btts_2h_percentage_home,btts_2h_percentage_away,clean_sheets_2h_overall,clean_sheets_2h_home,clean_sheets_2h_away,failed_to_score_2h_overall,failed_to_score_2h_home,failed_to_score_2h_away
Villarreal CF,Villarreal,vl,2022/2023,Spain,24805,16305,32243,58,48,74,86,95,78,5,3,2,4,40,22,18,38,19,19,10.32,10.15,10.47,182,74,108,4.79,3.89,5.68,34,32,25,23,20,14,9,4,3,17,15,13,12,10,7,5,1,0,89,79,68,63,53,37,26,5,0,17,17,12,11,10,7,4,3,3,89,89,63,57,53,37,21,16,16,33,29,25,20,12,8,5,87,76,66,53,32,21,13,18,17,15,12,7,5,3,95,89,79,63,37,26,16,15,12,10,8,5,3,2,79,63,53,42,26,16,11,30,29,18,12,6,5,4,79,76,47,32,16,13,11,13,13,6,2,1,1,1,68,68,32,11,5,5,5,17,16,12,10,5,4,3,89,84,63,53,26,21,16,38,19,19,202,100,102,190,93,97,5.32,5.26,5.37,5,4.89,5.11,25,16,10,22,14,8,38,35,33,28,26,20,16,0,0,100,92,87,74,68,53,42,0,0,19,18,18,17,16,11,10,0,0,100,95,95,89,84,57,53,0,0,19,17,15,11,10,9,6,0,0,100,89,79,57,53,47,32,0,0,36,26,17,10,5,1,0,95,68,45,26,13,3,0,18,12,9,7,3,1,0,95,63,47,37,16,5,0,18,14,8,3,2,0,0,95,74,42,16,11,0,0,35,27,23,16,8,4,0,92,71,61,42,21,11,0,19,16,14,10,6,4,0,100,84,74,53,32,21,0,16,11,9,6,2,0,0,84,57,47,32,11,0,0,45,47,42,13.87,15.79,11.95,6.34,7.37,5.32,7.53,8.42,6.63,447,237,210,11.76,12.47,11.05,195,105,90,87,54,33,38,19,19,5.13,5.53,4.74,2.29,2.84,1.74,38,36,32,28,21,11,7,4,28,37,21,3,1,2,9,7,2,24,37,11,5,3,2,13,16,11,5,1,4,13,5,21,38,19,19,57,29,28,1.5,1.53,1.47,41,24,17,1.08,1.26,0.89,16,5,11,0.42,0.26,0.58,32,16,7,84,42,18,72,45,27,1.89,2.37,1.42,21,14,7,55,74,37,9,3,6,8,2,6,8,3,5,21,16,26,24,14,10,12,4,8
FC Barcelona,FC Barcelona,fcb,2022/2023,Spain,62958,86121,36899,49,46,52,170,429,107,4,4,2,3,69,42,27,38,19,19,9.34,9.78,8.9,111,36,75,2.92,1.89,3.95,30,27,21,17,13,7,5,4,2,15,14,12,10,7,4,3,3,2,79,74,63,53,37,21,16,16,11,15,13,9,7,6,3,2,1,0,79,68,47,37,32,16,11,5,0,35,30,26,22,15,14,9,92,79,68,57,39,37,24,18,17,16,14,12,12,7,95,89,84,74,63,63,37,17,13,10,8,3,2,2,89,68,53,42,16,11,11,20,12,7,4,2,1,1,53,32,18,11,5,3,3,6,2,1,1,0,0,0,32,11,5,5,0,0,0,14,10,6,3,2,1,1,74,53,32,16,11,5,5,38,19,19,190,101,89,164,84,80,5,5.32,4.68,4.32,4.42,4.21,19,15,8,16,8,6,38,37,30,22,18,14,9,0,0,100,97,79,57,47,37,24,0,0,19,18,12,9,8,7,5,0,0,100,95,63,47,42,37,26,0,0,19,19,18,13,10,7,4,0,0,100,100,95,68,53,37,21,0,0,31,25,17,11,4,2,1,82,66,45,28,11,5,3,13,11,5,4,1,1,1,68,57,26,21,5,5,5,18,14,12,7,3,1,0,95,74,63,37,16,5,0,35,30,14,11,4,3,2,92,79,37,28,11,8,5,18,16,8,6,3,3,2,95,84,42,32,16,16,11,17,14,6,5,1,0,0,89,74,32,26,5,0,0,71,79,63,15.76,18,13.53,6.26,7.16,5.37,9.5,10.84,8.16,434,217,217,11.42,11.42,11.42,214,96,118,96,44,52,38,19,19,5.63,5.05,6.21,2.53,2.32,2.74,38,36,36,32,25,10,6,4,26,32,21,0,0,0,5,1,4,13,5,21,1,1,0,3,5,0,5,1,4,13,5,21,38,19,19,45,16,29,1.18,0.84,1.53,36,14,22,0.95,0.74,1.16,9,2,7,0.24,0.11,0.37,24,14,6,63,37,16,70,36,34,1.84,1.89,1.79,17,9,8,45,47,42,19,9,10,2,1,1,7,1,6,18,5,32,30,17,13,15,9,6
Real Madrid CF,Real Madrid,rmd,2022/2023,Spain,44011,56619,33924,46,39,55,95,107,86,6,4,3,4,64,39,25,38,19,19,9.77,9.37,10.16,145,58,87,3.82,3.05,4.58,34,30,25,22,18,9,7,4,1,17,13,11,11,9,4,2,0,0,89,68,57,57,47,21,11,0,0,17,17,14,11,9,5,5,4,1,89,89,74,57,47,26,26,21,5,30,29,26,21,17,11,9,79,76,68,55,45,28,24,17,17,15,13,10,5,4,89,89,79,68,53,26,21,13,12,11,8,7,6,5,68,63,57,42,37,32,26,24,17,12,9,6,4,1,63,45,32,24,16,11,3,12,6,3,3,1,0,0,63,32,16,16,5,0,0,12,11,9,6,5,4,1,63,57,47,32,26,21,5,38,19,19,181,95,86,190,83,107,4.76,5,4.53,5,4.37,5.63,18,14,8,25,14,8,37,34,32,29,21,13,8,0,0,97,89,84,76,55,34,21,0,0,19,17,17,15,10,5,2,0,0,100,89,89,79,53,26,11,0,0,18,17,15,14,11,8,6,0,0,95,89,79,74,57,42,32,0,0,31,21,13,6,3,0,0,82,55,34,16,8,0,0,16,9,6,0,0,0,0,84,47,32,0,0,0,0,15,12,7,6,3,0,0,79,63,37,32,16,0,0,37,31,24,14,3,0,0,97,82,63,37,8,0,0,19,17,12,6,2,0,0,100,89,63,32,11,0,0,18,14,12,8,1,0,0,95,74,63,42,5,0,0,63,74,53,17.42,19.05,15.79,7.18,7.79,6.58,10.24,11.26,9.21,363,189,174,9.55,9.95,9.16,145,75,70,89,46,43,38,19,19,3.82,3.95,3.68,2.34,2.42,2.26,37,33,26,20,14,18,12,6,47,63,32,3,2,1,13,8,5,34,42,26,4,4,0,11,21,0,5,1,4,13,5,21,38,19,19,60,33,27,1.58,1.74,1.42,40,22,18,1.05,1.16,0.95,20,11,9,0.53,0.58,0.47,33,22,5,87,57,13,66,35,31,1.74,1.84,1.63,18,9,9,47,47,47,12,8,4,8,2,6,11,9,2,28,47,11,22,9,13,10,2,8
Sevilla FC,Sevilla FC,sv,2022/2023,Spain,32458,36238,28678,73,71,74,63,68,59,3,3,3,6,46,24,22,38,19,19,9.05,9.32,8.79,170,59,111,4.47,3.11,5.84,32,24,21,19,13,9,3,3,1,17,13,11,9,7,6,2,2,1,89,68,57,47,37,32,11,11,5,15,11,10,10,6,3,1,1,0,79,57,53,53,32,16,5,5,0,29,21,16,11,7,7,4,76,55,42,28,18,18,11,17,16,14,10,7,7,4,89,84,74,53,37,37,21,12,5,2,1,0,0,0,63,26,11,5,0,0,0,27,24,19,14,10,6,2,71,63,50,37,26,16,5,10,7,4,4,2,0,0,53,37,21,21,11,0,0,17,17,15,10,8,6,2,89,89,79,53,42,32,11,38,19,19,173,88,85,166,86,80,4.55,4.63,4.47,4.37,4.53,4.21,18,11,6,14,8,4,38,37,35,32,31,25,15,0,0,100,97,92,84,82,66,39,0,0,19,19,18,16,16,14,8,0,0,100,100,95,84,84,74,42,0,0,19,18,17,16,15,11,7,0,0,100,95,89,84,79,57,37,0,0,38,29,25,20,12,8,3,100,76,66,53,32,21,8,19,14,12,10,7,5,1,100,74,63,53,37,26,5,19,15,13,10,5,3,2,100,79,68,53,26,16,11,36,30,19,13,5,2,1,95,79,50,34,13,5,3,19,17,9,8,2,1,0,100,89,47,42,11,5,0,17,13,10,5,3,1,1,89,68,53,26,16,5,5,53,47,58,13.16,16.05,10.26,4.95,5.74,4.16,8.21,10.32,6.11,474,244,230,12.47,12.84,12.11,181,88,93,106,58,48,38,19,19,4.76,4.63,4.89,2.79,3.05,2.53,38,37,31,26,18,5,5,0,13,26,0,0,0,0,5,4,1,13,21,5,9,4,5,24,21,26,9,3,6,24,16,32,38,19,19,56,24,32,1.47,1.26,1.68,24,11,13,0.63,0.58,0.68,32,13,19,0.84,0.68,1,33,15,6,87,39,16,43,20,23,1.13,1.05,1.21,11,4,7,28,21,37,10,8,2,17,7,10,7,5,2,18,26,11,16,8,8,20,10,10
Club Atlético de Madrid,Atlético Madrid,cam,2022/2023,Spain,46577,54369,33220,49,42,59,103,114,95,6,5,2,3,64,37,27,38,19,19,9.71,9.84,9.58,185,70,115,4.87,3.68,6.05,33,28,23,20,16,8,6,3,2,16,14,12,11,9,3,3,2,1,84,74,63,57,47,16,16,11,5,17,14,11,9,7,5,3,1,1,89,74,57,47,37,26,16,5,5,32,27,20,13,9,6,2,84,71,53,34,24,16,5,19,17,14,10,8,6,2,100,89,74,53,42,32,11,13,10,6,3,1,0,0,68,53,32,16,5,0,0,28,22,19,14,11,6,4,74,57,50,37,28,16,11,11,9,6,4,3,2,1,57,47,32,21,16,11,5,17,13,13,10,8,4,3,89,68,68,53,42,21,16,38,19,19,150,76,74,219,111,108,3.95,4,3.89,5.76,5.84,5.68,15,8,5,25,19,14,37,36,31,27,25,17,12,0,0,97,95,82,71,66,45,32,0,0,18,18,15,13,11,7,5,0,0,95,95,79,68,57,37,26,0,0,19,18,16,14,14,10,7,0,0,100,95,84,74,74,53,37,0,0,33,28,23,11,3,2,1,87,74,61,28,8,5,3,17,14,10,3,0,0,0,89,74,53,16,0,0,0,16,14,13,8,3,2,1,84,74,68,42,16,11,5,34,31,17,10,6,2,1,89,82,45,26,16,5,3,16,14,9,5,4,2,1,84,74,47,26,21,11,5,18,17,8,5,2,0,0,95,89,42,26,11,0,0,74,74,74,15.03,16.21,13.84,6.61,7.21,6,8.42,9,7.84,441,209,232,11.61,11,12.21,138,60,78,81,39,42,38,19,19,3.63,3.16,4.11,2.13,2.05,2.21,36,32,23,16,13,13,8,5,34,42,26,2,0,2,10,7,3,26,37,16,8,3,5,21,16,26,2,1,1,5,5,5,38,19,19,62,34,28,1.63,1.79,1.47,42,25,17,1.11,1.32,0.89,20,9,11,0.53,0.47,0.58,31,19,7,82,50,18,71,37,34,1.87,1.95,1.79,19,10,9,50,53,47,14,7,7,5,2,3,12,6,6,32,32,32,22,11,11,11,5,6
Reial Club Deportiu Espanyol,RCD Espanyol,rcd,2022/2023,Spain,26229,23156,28593,66,63,68,49,49,50,3,2,4,4,29,14,15,38,19,19,9.89,9.79,10,197,69,128,5.18,3.63,6.74,31,26,23,20,18,11,8,7,5,17,13,12,10,8,5,3,3,2,89,68,63,53,42,26,16,16,11,14,13,11,10,10,6,5,4,3,74,68,57,53,53,32,26,21,16,27,24,16,13,8,5,4,71,63,42,34,21,13,11,18,18,13,11,7,4,3,95,95,68,57,37,21,16,9,6,3,2,1,1,1,47,32,16,11,5,5,5,33,25,16,13,13,9,8,87,66,42,34,34,24,21,15,8,4,3,3,0,0,79,42,21,16,16,0,0,18,17,12,10,10,9,8,95,89,63,53,53,47,42,38,19,19,166,85,81,206,99,107,4.37,4.47,4.26,5.42,5.21,5.63,18,10,5,25,18,9,38,38,37,34,27,16,13,0,0,100,100,97,89,71,42,34,0,0,19,19,18,18,14,8,6,0,0,100,100,95,95,74,42,32,0,0,19,19,19,16,13,8,7,0,0,100,100,100,84,68,42,37,0,0,37,33,19,12,4,4,2,97,87,50,32,11,11,5,19,16,10,6,1,1,0,100,84,53,32,5,5,0,18,17,9,6,3,3,2,95,89,47,32,16,16,11,36,33,23,12,8,3,1,95,87,61,32,21,8,3,18,17,12,7,4,0,0,95,89,63,37,21,0,0,18,16,11,5,4,3,1,95,84,57,26,21,16,5,29,21,37,11.58,13.84,9.32,5.11,5.84,4.37,6.47,8,4.95,432,218,214,11.37,11.47,11.26,142,76,66,61,37,24,38,19,19,3.74,4,3.47,1.61,1.95,1.26,35,32,26,21,18,8,4,4,21,21,21,3,2,1,3,1,2,8,5,11,12,6,6,32,32,32,14,6,8,37,32,42,38,19,19,72,36,36,1.89,1.89,1.89,37,20,17,0.97,1.05,0.89,35,16,19,0.92,0.84,1,34,21,11,89,55,28,57,30,27,1.5,1.58,1.42,14,7,7,37,37,37,15,9,6,9,3,6,19,9,10,50,47,53,13,7,6,10,6,4
Real Club Celta de Vigo,Celta de Vigo,cdv,2022/2023,Spain,22365,14853,26872,80,66,101,65,81,54,3,4,4,4,41,25,16,38,19,19,9.18,8.9,9.47,165,72,93,4.34,3.79,4.89,28,26,24,20,12,8,4,2,2,13,11,10,8,6,5,2,2,2,68,57,53,42,32,26,11,11,11,15,15,14,12,6,3,2,0,0,79,79,74,63,32,16,11,0,0,31,24,18,11,10,5,5,82,63,47,28,26,13,13,13,11,10,6,6,4,4,68,57,53,32,32,21,21,18,13,8,5,4,1,1,95,68,42,26,21,5,5,32,24,17,11,5,4,0,84,63,45,28,13,11,0,15,10,7,4,1,0,0,79,53,37,21,5,0,0,17,14,10,7,4,4,0,89,74,53,37,21,21,0,38,19,19,168,85,83,180,83,97,4.42,4.47,4.37,4.74,4.37,5.11,14,9,6,20,13,10,36,36,32,28,24,19,12,0,0,95,95,84,74,63,50,32,0,0,17,17,15,13,10,9,5,0,0,89,89,79,68,53,47,26,0,0,19,19,17,15,14,10,7,0,0,100,100,89,79,74,53,37,0,0,35,26,13,9,5,2,1,92,68,34,24,13,5,3,16,12,5,3,2,1,1,84,63,26,16,11,5,5,19,14,8,6,3,1,0,100,74,42,32,16,5,0,35,30,20,16,11,5,5,92,79,53,42,28,13,13,17,15,9,8,6,1,1,89,79,47,42,32,5,5,18,15,11,8,5,4,4,95,79,57,42,26,21,21,39,53,26,12.95,14.58,11.32,5.45,6.21,4.68,7.5,8.37,6.63,461,242,219,12.13,12.74,11.53,146,76,70,81,43,38,38,19,19,3.84,4,3.68,2.13,2.26,2,37,31,28,17,13,5,3,2,13,16,11,1,0,1,3,1,2,8,5,11,8,6,2,21,32,11,9,4,5,24,21,26,38,19,19,52,24,28,1.37,1.26,1.47,23,14,9,0.61,0.74,0.47,29,10,19,0.76,0.53,1,29,14,8,76,37,21,46,27,19,1.21,1.42,1,11,7,4,28,37,21,13,6,7,14,6,8,8,3,5,21,16,26,18,11,7,21,9,12
Real Betis Balompié,Real Betis,rb,2022/2023,Spain,47201,50566,39629,74,66,86,83,95,74,3,3,4,4,58,35,23,38,19,19,9.53,9.48,9.57,210,98,112,5.53,5.16,5.89,30,25,19,19,14,9,6,4,4,15,13,9,9,7,4,2,2,2,79,68,47,47,37,21,11,11,11,15,12,10,10,7,5,4,2,2,79,63,53,53,37,26,21,11,11,23,19,13,8,7,5,4,61,50,34,21,18,13,11,12,12,8,5,4,3,2,63,63,42,26,21,16,11,11,7,5,3,3,2,2,57,37,26,16,16,11,11,37,33,23,13,8,7,4,97,87,61,34,21,18,11,19,17,9,6,2,2,1,100,89,47,32,11,11,5,18,16,14,7,6,5,3,95,84,74,37,32,26,16,38,19,19,165,84,81,196,95,101,4.34,4.42,4.26,5.16,5,5.32,17,10,4,19,17,12,38,36,32,28,24,16,13,0,0,100,95,84,74,63,42,34,0,0,19,19,17,15,13,9,9,0,0,100,100,89,79,68,47,47,0,0,19,17,15,13,11,7,4,0,0,100,89,79,68,57,37,21,0,0,36,29,19,9,5,3,3,95,76,50,24,13,8,8,18,14,11,5,3,2,2,95,74,57,26,16,11,11,18,15,8,4,2,1,1,95,79,42,21,11,5,5,34,28,22,12,6,4,4,89,74,57,32,16,11,11,18,16,13,7,4,2,2,95,84,68,37,21,11,11,16,12,9,5,2,2,2,84,63,47,26,11,11,11,45,53,37,11.42,11.63,11.21,5.11,5.68,4.53,6.32,5.95,6.68,408,205,203,10.74,10.79,10.68,177,98,79,74,39,35,38,19,19,4.66,5.16,4.16,1.95,2.05,1.84,37,35,31,25,17,9,6,3,24,32,16,2,1,1,10,5,5,26,26,26,3,2,1,8,11,5,5,3,2,13,16,11,38,19,19,45,25,20,1.18,1.32,1.05,22,11,11,0.58,0.58,0.58,23,14,9,0.61,0.74,0.47,26,13,6,68,34,16,46,22,24,1.21,1.16,1.26,10,5,5,26,26,26,16,7,9,12,7,5,8,6,2,21,32,11,21,9,12,21,9,12
Athletic Club Bilbao,Athletic Club Bilbao,acb,2022/2023,Spain,37499,43473,33516,73,78,68,80,114,61,4,4,3,5,54,29,25,38,19,19,10.34,11.05,9.64,136,50,86,3.58,2.63,4.53,33,29,24,20,18,14,10,8,6,17,15,13,10,9,9,8,6,4,89,79,68,53,47,47,42,32,21,16,14,11,10,9,5,2,2,2,84,74,57,53,47,26,11,11,11,32,32,29,23,16,12,10,84,84,76,61,42,32,26,17,17,16,14,11,10,8,89,89,84,74,57,53,42,15,15,13,9,5,2,2,79,79,68,47,26,11,11,22,14,13,8,7,1,0,57,37,34,21,18,3,0,8,2,2,1,1,0,0,42,11,11,5,5,0,0,14,12,11,7,6,1,0,74,63,57,37,32,5,0,38,19,19,193,107,86,200,103,97,5.08,5.63,4.53,5.26,5.42,5.11,23,20,10,23,14,9,37,36,34,27,20,16,9,0,0,97,95,89,71,53,42,24,0,0,18,17,16,12,10,7,3,0,0,95,89,84,63,53,37,16,0,0,19,19,18,15,10,9,6,0,0,100,100,95,79,53,47,32,0,0,33,28,17,8,3,0,0,87,74,45,21,8,0,0,15,12,9,4,3,0,0,79,63,47,21,16,0,0,18,16,8,4,0,0,0,95,84,42,21,0,0,0,37,28,15,9,7,5,0,97,74,39,24,18,13,0,18,11,6,3,3,2,0,95,57,32,16,16,11,0,19,17,9,6,4,3,0,100,89,47,32,21,16,0,37,37,37,15.05,17.79,12.32,5.95,6.32,5.58,9.11,11.47,6.74,474,228,246,12.47,12,12.95,174,85,89,98,53,45,38,19,19,4.58,4.47,4.68,2.58,2.79,2.37,37,35,31,26,21,12,6,6,32,32,32,1,0,1,8,3,5,21,16,26,4,0,4,11,0,21,4,1,3,11,5,16,38,19,19,47,16,31,1.24,0.84,1.63,22,9,13,0.58,0.47,0.68,25,7,18,0.66,0.37,0.95,30,13,4,79,34,11,44,25,19,1.16,1.32,1,10,6,4,26,32,21,14,7,7,14,6,8,8,1,7,21,5,37,17,12,5,21,12,9
CA Osasuna,CA Osasuna,ca,2022/2023,Spain,21800,19476,24898,93,71,132,81,81,81,3,3,3,3,45,22,23,38,19,19,9.23,8.53,9.95,192,67,125,5.05,3.53,6.58,27,24,22,16,14,11,7,6,5,14,12,11,6,4,2,1,1,1,74,63,57,32,21,11,5,5,5,13,12,11,10,10,9,6,5,4,68,63,57,53,53,47,32,26,21,28,20,14,8,7,5,4,74,53,37,21,18,13,11,17,14,11,6,5,3,2,89,74,57,32,26,16,11,11,6,3,2,2,2,2,57,32,16,11,11,11,11,22,20,17,14,12,11,8,57,53,45,37,32,28,21,8,8,6,4,2,2,1,42,42,32,21,11,11,5,14,12,11,10,10,9,7,74,63,57,53,53,47,37,38,19,19,151,73,78,199,89,110,3.97,3.84,4.11,5.24,4.68,5.79,15,12,3,20,18,15,37,35,29,26,20,13,10,0,0,97,92,76,68,53,34,26,0,0,18,17,15,14,10,7,5,0,0,95,89,79,74,53,37,26,0,0,19,18,14,12,10,6,5,0,0,100,95,74,63,53,32,26,0,0,36,27,19,9,7,3,2,95,71,50,24,18,8,5,17,12,8,4,3,2,2,89,63,42,21,16,11,11,19,15,11,5,4,1,0,100,79,57,26,21,5,0,30,25,14,6,6,4,1,79,66,37,16,16,11,3,16,15,10,4,4,2,0,84,79,53,21,21,11,0,14,10,4,2,2,2,1,74,53,21,11,11,11,5,50,58,42,12.55,14.32,10.79,4.95,5.84,4.05,7.61,8.47,6.74,541,266,275,14.24,14,14.47,169,82,87,60,34,26,38,19,19,4.45,4.32,4.58,1.58,1.79,1.37,38,33,31,26,21,3,2,1,8,11,5,0,0,0,8,6,2,21,32,11,4,0,4,11,0,21,4,2,2,11,11,11,38,19,19,46,30,16,1.21,1.58,0.84,21,16,5,0.55,0.84,0.26,25,14,11,0.66,0.74,0.58,29,11,4,76,28,11,47,30,17,1.24,1.58,0.89,12,9,3,32,47,16,11,3,8,15,7,8,5,4,1,13,21,5,18,8,10,24,9,15
Valencia CF,Valencia CF,va,2022/2023,Spain,37393,41384,32904,81,63,114,76,90,66,5,2,2,3,49,28,21,38,19,19,10.56,10.63,10.47,175,71,104,4.61,3.74,5.47,36,33,25,21,17,14,9,7,6,19,18,11,10,8,7,6,4,4,100,95,57,53,42,37,32,21,21,17,15,14,11,9,7,3,3,2,89,79,74,57,47,37,16,16,11,34,32,26,21,11,6,6,89,84,68,55,28,16,16,18,17,16,13,7,5,5,95,89,84,68,37,26,26,16,15,10,8,4,1,1,84,79,53,42,21,5,5,28,23,17,12,8,6,4,74,61,45,32,21,16,11,11,7,5,4,3,3,2,57,37,26,21,16,16,11,17,16,12,8,5,3,2,89,84,63,42,26,16,11,38,19,19,185,84,101,213,118,95,4.87,4.42,5.32,5.61,6.21,5,22,8,5,24,16,11,38,38,36,35,28,23,20,0,0,100,100,95,92,74,61,53,0,0,19,19,19,18,14,13,12,0,0,100,100,100,95,74,68,63,0,0,19,19,17,17,14,10,8,0,0,100,100,89,89,74,53,42,0,0,33,29,19,12,5,3,0,87,76,50,32,13,8,0,17,16,12,7,2,1,0,89,84,63,37,11,5,0,16,13,7,5,3,2,0,84,68,37,26,16,11,0,38,35,31,20,12,7,1,100,92,82,53,32,18,3,19,18,16,11,6,3,0,100,95,84,57,32,16,0,19,17,15,9,6,4,1,100,89,79,47,32,21,5,45,58,32,13.32,14.79,11.84,5.05,5.84,4.26,8.26,8.95,7.58,504,249,255,13.26,13.11,13.42,154,88,66,80,50,30,38,19,19,4.05,4.63,3.47,2.11,2.63,1.58,37,34,26,20,13,5,3,2,13,16,11,1,1,0,4,2,2,11,11,11,9,5,4,24,26,21,6,2,4,16,11,21,38,19,19,55,29,26,1.45,1.53,1.37,24,16,8,0.63,0.84,0.42,31,13,18,0.82,0.68,0.95,30,17,6,79,45,16,37,25,12,0.97,1.32,0.63,7,6,1,18,32,5,16,7,9,15,6,9,11,5,6,28,26,32,14,9,5,21,9,12
Real Sociedad de Fútbol,Real Sociedad,rs,2022/2023,Spain,28225,28809,27576,67,66,68,98,107,90,3,5,4,3,66,36,30,38,19,19,8.39,8.53,8.27,154,75,79,4.05,3.95,4.16,25,20,16,14,9,8,5,3,2,12,11,8,7,6,5,2,1,1,63,57,42,37,32,26,11,5,5,13,9,8,7,3,3,3,2,1,68,47,42,37,16,16,16,11,5,28,20,14,11,8,5,4,74,53,37,28,21,13,11,16,10,8,5,5,3,3,84,53,42,26,26,16,16,12,10,6,6,3,2,1,63,53,32,32,16,11,5,27,19,11,10,6,3,2,71,50,28,26,16,8,5,12,8,6,6,3,1,1,63,42,32,32,16,5,5,15,11,5,4,3,2,1,79,57,26,21,16,11,5,38,19,19,152,74,78,166,87,79,4,3.89,4.11,4.37,4.58,4.16,15,7,4,17,12,7,37,34,33,26,21,17,13,0,0,97,89,87,68,55,45,34,0,0,19,17,16,9,8,8,7,0,0,100,89,84,47,42,42,37,0,0,18,17,17,17,13,9,6,0,0,95,89,89,89,68,47,32,0,0,33,25,18,11,5,1,1,87,66,47,28,13,3,3,16,12,9,7,4,0,0,84,63,47,37,21,0,0,17,13,9,4,1,1,1,89,68,47,21,5,5,5,35,26,21,14,8,3,1,92,68,55,37,21,8,3,17,11,9,5,3,0,0,89,57,47,26,16,0,0,18,15,12,9,5,3,1,95,79,63,47,26,16,5,63,68,58,12.74,12.95,12.53,5.92,5.79,6.05,6.82,7.16,6.47,613,317,296,16.13,16.68,15.58,180,100,80,91,53,38,38,19,19,4.74,5.26,4.21,2.39,2.79,2,38,32,31,26,20,9,4,5,24,21,26,1,0,1,9,4,5,24,21,26,5,4,1,13,21,5,3,1,2,8,5,11,38,19,19,42,20,22,1.11,1.05,1.16,23,11,12,0.61,0.58,0.63,19,9,10,0.5,0.47,0.53,23,13,4,61,34,11,53,29,24,1.39,1.53,1.26,11,7,4,28,37,21,20,8,12,7,4,3,7,2,5,18,11,26,24,13,11,22,11,11
Rayo Vallecano,Rayo Vallecano,rv,2022/2023,Spain,19163,12214,26883,76,61,101,65,78,55,5,2,2,4,43,24,19,38,19,19,9.71,9.9,9.53,180,86,94,4.74,4.53,4.95,33,29,24,21,14,9,5,4,3,17,15,12,11,6,5,3,3,2,89,79,63,57,32,26,16,16,11,16,14,12,10,8,4,2,1,1,84,74,63,53,42,21,11,5,5,33,26,19,16,11,5,2,87,68,50,42,28,13,5,18,13,9,7,7,3,2,95,68,47,37,37,16,11,15,13,10,9,4,2,0,79,68,53,47,21,11,0,32,23,17,12,9,5,4,84,61,45,32,24,13,11,16,11,8,6,5,2,2,84,57,42,32,26,11,11,16,12,9,6,4,3,2,84,63,47,32,21,16,11,38,19,19,181,94,87,187,94,93,4.76,4.95,4.58,4.92,4.95,4.89,20,15,8,19,12,10,35,35,34,30,24,14,12,0,0,92,92,89,79,63,37,32,0,0,17,17,16,15,12,7,6,0,0,89,89,84,79,63,37,32,0,0,18,18,18,15,12,7,6,0,0,95,95,95,79,63,37,32,0,0,34,29,18,10,4,2,1,89,76,47,26,11,5,3,17,13,8,4,2,1,1,89,68,42,21,11,5,5,17,16,10,6,2,1,0,89,84,53,32,11,5,0,34,28,18,9,5,3,1,89,74,47,24,13,8,3,16,14,9,5,4,2,1,84,74,47,26,21,11,5,18,14,9,4,1,1,0,95,74,47,21,5,5,0,47,47,47,14.16,15.74,12.58,5.42,6.16,4.68,8.74,9.58,7.89,520,248,272,13.68,13.05,14.32,183,87,96,98,54,44,38,19,19,4.82,4.58,5.05,2.58,2.84,2.32,38,38,31,24,20,8,5,3,21,26,16,1,0,1,8,8,0,21,42,0,6,2,4,16,11,21,9,3,6,24,16,32,38,19,19,55,24,31,1.45,1.26,1.63,27,15,12,0.71,0.79,0.63,28,9,19,0.74,0.47,1,32,14,8,84,37,21,56,31,25,1.47,1.63,1.32,15,8,7,39,42,37,11,7,4,12,4,8,10,5,5,26,26,26,18,10,8,16,9,7
Getafe Club de Fútbol,Getafe CF,g,2022/2023,Spain,18633,11354,24457,101,81,132,76,86,68,3,2,3,5,38,21,17,38,19,19,7.84,7.57,8.11,179,74,105,4.71,3.89,5.53,24,19,15,11,6,2,2,1,1,10,9,8,6,3,0,0,0,0,53,47,42,32,16,0,0,0,0,14,10,7,5,3,2,2,1,1,74,53,37,26,16,11,11,5,5,23,17,10,4,1,0,0,61,45,26,11,3,0,0,15,12,6,2,1,0,0,79,63,32,11,5,0,0,8,5,4,2,0,0,0,42,26,21,11,0,0,0,28,25,20,15,7,5,3,74,66,53,39,18,13,8,13,12,9,5,1,0,0,68,63,47,26,5,0,0,15,13,11,10,6,5,3,79,68,57,53,32,26,16,38,19,19,132,57,75,166,87,79,3.47,3,3.95,4.37,4.58,4.16,7,5,2,17,10,4,36,34,33,28,25,20,15,0,0,95,89,87,74,66,53,39,0,0,18,17,17,15,13,11,7,0,0,95,89,89,79,68,57,37,0,0,18,17,16,13,12,9,8,0,0,95,89,84,68,63,47,42,0,0,35,31,26,18,11,6,3,92,82,68,47,28,16,8,17,16,12,10,5,4,2,89,84,63,53,26,21,11,18,15,14,8,6,2,1,95,79,74,42,32,11,5,34,23,15,11,6,3,2,89,61,39,28,16,8,5,18,11,7,6,3,0,0,95,57,37,32,16,0,0,16,12,8,5,3,3,2,84,63,42,26,16,16,11,34,37,32,10.26,11.47,9.05,4.18,4.53,3.84,6.08,6.95,5.21,599,307,292,15.76,16.16,15.37,174,82,92,78,42,36,38,19,19,4.58,4.32,4.84,2.05,2.21,1.89,37,32,30,23,20,4,3,1,11,16,5,1,1,0,3,3,0,8,16,0,6,3,3,16,16,16,8,3,5,21,16,26,38,19,19,43,20,23,1.13,1.05,1.21,19,10,9,0.5,0.53,0.47,24,10,14,0.63,0.53,0.74,26,13,4,68,34,11,44,24,20,1.16,1.26,1.05,9,5,4,24,26,21,17,9,8,12,5,7,8,3,5,21,16,26,20,11,9,22,11,11
Elche CF,Elche CF,e,2022/2023,Spain,26114,22111,31896,114,95,143,51,59,45,4,2,4,4,31,20,11,38,19,19,11.24,11.27,11.21,223,90,133,5.87,4.74,7,36,32,27,25,20,15,11,9,7,18,17,15,14,11,8,6,5,3,95,89,79,74,57,42,32,26,16,18,15,12,11,9,7,5,4,4,95,79,63,57,47,37,26,21,21,33,26,20,17,11,8,6,87,68,53,45,28,21,16,18,15,14,12,9,7,5,95,79,74,63,47,37,26,15,11,6,5,2,1,1,79,57,32,26,11,5,5,35,29,27,17,10,8,5,92,76,71,45,26,21,13,16,13,11,5,3,2,1,84,68,57,26,16,11,5,19,16,16,12,7,6,4,100,84,84,63,37,32,21,38,19,19,203,106,97,223,107,116,5.34,5.58,5.11,5.87,5.63,6.11,21,14,13,26,19,13,37,37,33,28,22,17,11,0,0,97,97,87,74,57,45,28,0,0,19,19,17,13,12,9,6,0,0,100,100,89,68,63,47,32,0,0,18,18,16,15,10,8,5,0,0,95,95,84,79,53,42,26,0,0,34,27,22,13,9,6,3,89,71,57,34,24,16,8,17,13,10,6,3,2,1,89,68,53,32,16,11,5,17,14,12,7,6,4,2,89,74,63,37,32,21,11,35,24,17,5,4,4,1,92,63,45,13,11,11,3,17,12,10,5,4,4,1,89,63,53,26,21,21,5,18,12,7,0,0,0,0,95,63,37,0,0,0,0,32,32,32,11.05,13.21,8.89,4.45,5.32,3.58,6.61,7.89,5.32,513,264,249,13.5,13.89,13.11,179,97,82,79,48,31,38,19,19,4.71,5.11,4.32,2.08,2.53,1.63,38,34,28,24,20,4,2,2,11,11,11,1,0,1,1,1,0,3,5,0,10,6,4,26,32,21,7,3,4,18,16,21,38,19,19,44,20,24,1.16,1.05,1.26,15,8,7,0.39,0.42,0.37,29,12,17,0.76,0.63,0.89,30,11,3,79,28,8,41,24,17,1.08,1.26,0.89,10,6,4,26,32,21,11,6,5,17,7,10,3,0,3,8,0,16,18,12,6,25,13,12
UD Almería,Almería,am,2022/2023,Spain,20964,12325,26462,70,59,86,53,78,40,3,3,3,6,49,31,18,38,19,19,9.84,10.21,9.48,227,111,116,5.97,5.84,6.11,32,26,24,23,14,11,7,4,3,16,12,12,11,7,6,5,3,3,84,63,63,57,37,32,26,16,16,16,14,12,12,7,5,2,1,0,84,74,63,63,37,26,11,5,0,24,20,14,9,7,2,0,63,53,37,24,18,5,0,15,12,8,5,4,1,0,79,63,42,26,21,5,0,9,8,6,4,3,1,0,47,42,32,21,16,5,0,31,29,22,20,14,10,10,82,76,57,53,37,26,26,14,14,10,9,6,4,4,74,74,53,47,32,21,21,17,15,12,11,8,6,6,89,79,63,57,42,32,32,38,19,19,186,95,91,188,99,89,4.89,5,4.79,4.95,5.21,4.68,21,14,7,22,15,9,37,36,32,28,22,19,10,0,0,97,95,84,74,57,50,26,0,0,19,18,17,16,12,9,4,0,0,100,95,89,84,63,47,21,0,0,18,18,15,12,10,10,6,0,0,95,95,79,63,53,53,32,0,0,34,25,20,11,6,4,1,89,66,53,28,16,11,3,17,13,10,5,2,1,1,89,68,53,26,11,5,5,17,12,10,6,4,3,0,89,63,53,32,21,16,0,35,29,18,10,3,2,1,92,76,47,26,8,5,3,18,17,11,7,1,1,1,95,89,57,37,5,5,5,17,12,7,3,2,1,0,89,63,37,16,11,5,0,42,47,37,11.76,13.05,10.47,5.03,5.26,4.79,6.74,7.79,5.68,443,236,207,11.66,12.42,10.89,239,117,122,82,40,42,38,19,19,6.29,6.16,6.42,2.16,2.11,2.21,38,38,35,33,29,8,5,3,21,26,16,3,1,2,8,7,1,21,37,5,7,2,5,18,11,26,10,3,7,26,16,37,38,19,19,62,28,34,1.63,1.47,1.79,23,13,10,0.61,0.68,0.53,39,15,24,1.03,0.79,1.26,28,22,8,74,57,21,34,24,10,0.89,1.26,0.53,5,5,0,13,26,0,19,9,10,14,5,9,13,6,7,34,32,37,13,8,5,22,10,12
Real Valladolid Club de Fútbol,Real Valladolid,rva,2022/2023,Spain,25131,21164,28601,103,81,143,54,68,45,4,3,5,6,47,29,18,38,19,19,10.02,10.37,9.68,211,100,111,5.55,5.26,5.84,32,29,26,23,16,13,9,7,3,17,16,15,14,10,7,4,4,1,89,84,79,74,53,37,21,21,5,15,13,11,9,6,6,5,3,2,79,68,57,47,32,32,26,16,11,27,23,13,10,8,8,4,71,61,34,26,21,21,11,15,13,9,7,6,6,3,79,68,47,37,32,32,16,12,10,4,3,2,2,1,63,53,21,16,11,11,5,30,27,21,19,14,11,8,79,71,55,50,37,28,21,14,13,11,10,8,5,3,74,68,57,53,42,26,16,16,14,10,9,6,6,5,84,74,53,47,32,32,26,38,19,19,191,95,96,189,102,87,5.03,5,5.05,4.97,5.37,4.58,20,15,13,21,15,11,37,35,29,26,15,10,9,0,0,97,92,76,68,39,26,24,0,0,19,18,14,12,5,2,2,0,0,100,95,74,63,26,11,11,0,0,18,17,15,14,10,8,7,0,0,95,89,79,74,53,42,37,0,0,37,25,17,12,7,3,0,97,66,45,32,18,8,0,19,10,4,1,0,0,0,100,53,21,5,0,0,0,18,15,13,11,7,3,0,95,79,68,57,37,16,0,30,18,13,7,3,1,0,79,47,34,18,8,3,0,16,10,7,3,2,1,0,84,53,37,16,11,5,0,14,8,6,4,1,0,0,74,42,32,21,5,0,0,39,47,32,12.03,14.32,9.74,4.74,5.63,3.84,7.29,8.68,5.89,454,213,241,11.95,11.21,12.68,152,67,85,98,46,52,38,19,19,4,3.53,4.47,2.58,2.42,2.74,38,34,26,20,14,7,6,1,18,32,5,1,1,0,6,4,2,16,21,11,3,1,2,8,5,11,6,2,4,16,11,21,38,19,19,55,32,23,1.45,1.68,1.21,16,12,4,0.42,0.63,0.21,39,20,19,1.03,1.05,1,29,17,7,76,45,18,28,17,11,0.74,0.89,0.58,5,3,2,13,16,11,13,8,5,20,8,12,8,6,2,21,32,11,14,8,6,25,10,15
Real Club Deportivo Mallorca,RCD Mallorca,rcdm,2022/2023,Spain,25302,13721,33988,93,78,114,80,143,55,4,3,2,4,42,25,17,38,19,19,8.77,8.11,9.42,194,86,108,5.11,4.53,5.68,29,24,17,15,9,9,6,3,2,14,11,7,6,3,3,2,0,0,74,57,37,32,16,16,11,0,0,15,13,10,9,6,6,4,3,2,79,68,53,47,32,32,21,16,11,24,18,13,7,3,1,0,63,47,34,18,8,3,0,12,10,7,3,0,0,0,63,53,37,16,0,0,0,12,8,6,4,3,1,0,63,42,32,21,16,5,0,31,27,20,14,11,5,4,82,71,53,37,28,13,11,14,11,8,6,4,1,1,74,57,42,32,21,5,5,17,16,12,8,7,4,3,89,84,63,42,37,21,16,38,19,19,162,75,87,170,79,91,4.26,3.95,4.58,4.47,4.16,4.79,15,8,4,19,12,7,36,35,34,30,26,21,14,0,0,95,92,89,79,68,55,37,0,0,18,18,18,18,18,14,9,0,0,95,95,95,95,95,74,47,0,0,18,17,16,12,8,7,5,0,0,95,89,84,63,42,37,26,0,0,35,33,21,16,14,7,3,92,87,55,42,37,18,8,18,18,13,10,8,4,2,95,95,68,53,42,21,11,17,15,8,6,6,3,1,89,79,42,32,32,16,5,33,28,19,10,4,3,1,87,74,50,26,11,8,3,18,17,12,6,3,2,1,95,89,63,32,16,11,5,15,11,7,4,1,1,0,79,57,37,21,5,5,0,45,63,26,9.21,9.68,8.74,3.95,4.05,3.84,5.26,5.63,4.89,599,325,274,15.76,17.11,14.42,117,59,58,77,38,39,38,19,19,3.08,3.11,3.05,2.03,2,2.05,35,27,22,16,9,3,1,2,8,5,11,1,1,0,3,2,1,8,11,5,6,4,2,16,21,11,5,1,4,13,5,21,38,19,19,48,23,25,1.26,1.21,1.32,25,16,9,0.66,0.84,0.47,23,7,16,0.61,0.37,0.84,27,13,6,71,34,16,52,31,21,1.37,1.63,1.11,12,7,5,32,37,26,16,10,6,10,2,8,8,5,3,21,26,16,20,12,8,21,8,13
Cádiz CF,Cádiz,cadi,2022/2023,Spain,25161,17640,31314,114,90,155,65,74,57,3,2,4,5,45,30,15,38,19,19,9.05,9.47,8.63,200,93,107,5.26,4.89,5.63,31,28,23,19,15,5,4,1,1,16,15,12,10,9,3,2,0,0,84,79,63,53,47,16,11,0,0,15,13,11,9,6,2,2,1,1,79,68,57,47,32,11,11,5,5,24,18,14,9,4,3,1,63,47,37,24,11,8,3,16,12,9,5,3,3,1,84,63,47,26,16,16,5,8,6,5,4,1,0,0,42,32,26,21,5,0,0,32,26,25,19,9,6,4,84,68,66,50,24,16,11,16,12,11,10,2,2,2,84,63,57,53,11,11,11,16,14,14,9,7,4,2,84,74,74,47,37,21,11,38,19,19,164,80,84,177,98,79,4.32,4.21,4.42,4.66,5.16,4.16,18,12,6,24,12,4,38,36,35,28,27,21,17,0,0,100,95,92,74,71,55,45,0,0,19,18,17,13,12,11,9,0,0,100,95,89,68,63,57,47,0,0,19,18,18,15,15,10,8,0,0,100,95,95,79,79,53,42,0,0,36,32,23,16,6,5,1,95,84,61,42,16,13,3,17,15,11,8,3,3,1,89,79,57,42,16,16,5,19,17,12,8,3,2,0,100,89,63,42,16,11,0,35,29,21,15,8,4,2,92,76,55,39,21,11,5,17,16,11,8,3,2,0,89,84,57,42,16,11,0,18,13,10,7,5,2,2,95,68,53,37,26,11,11,42,53,32,11.18,11.58,10.79,4.21,4.53,3.89,6.97,7.05,6.89,512,232,280,13.47,12.21,14.74,145,66,79,75,38,37,38,19,19,3.82,3.47,4.16,1.97,2,1.95,36,35,28,18,13,4,4,0,11,21,0,0,0,0,2,2,0,5,11,0,7,4,3,18,21,16,4,0,4,11,0,21,38,19,19,54,30,24,1.42,1.58,1.26,18,10,8,0.47,0.53,0.42,36,20,16,0.95,1.05,0.84,26,16,8,68,42,21,35,19,16,0.92,1,0.84,6,4,2,16,21,11,17,7,10,15,8,7,9,4,5,24,21,26,18,9,9,23,11,12
Girona FC,Girona FC,gi,2022/2023,Spain,17496,11277,27604,59,49,74,62,66,59,6,3,5,3,47,30,17,38,19,19,8.58,8.1,9.05,181,74,107,4.76,3.89,5.63,28,21,14,12,12,8,5,4,1,12,9,5,5,5,4,3,2,1,63,47,26,26,26,21,16,11,5,16,12,9,7,7,4,2,2,0,84,63,47,37,37,21,11,11,0,27,17,13,7,5,3,1,71,45,34,18,13,8,3,14,9,8,5,4,3,1,74,47,42,26,21,16,5,13,8,5,2,1,0,0,68,42,26,11,5,0,0,28,24,18,11,9,6,4,74,63,47,28,24,16,11,11,10,6,3,3,2,1,57,53,32,16,16,11,5,17,14,12,8,6,4,3,89,74,63,42,32,21,16,38,19,19,155,71,84,171,83,88,4.08,3.74,4.42,4.5,4.37,4.63,13,9,3,16,12,9,37,36,30,26,20,13,10,0,0,97,95,79,68,53,34,26,0,0,19,18,15,12,9,4,4,0,0,100,95,79,63,47,21,21,0,0,18,18,15,14,11,9,6,0,0,95,95,79,74,57,47,32,0,0,35,28,17,8,5,1,0,92,74,45,21,13,3,0,17,13,7,3,2,1,0,89,68,37,16,11,5,0,18,15,10,5,3,0,0,95,79,53,26,16,0,0,34,23,19,12,6,1,1,89,61,50,32,16,3,3,18,11,8,5,2,1,1,95,57,42,26,11,5,5,16,12,11,7,4,0,0,84,63,57,37,21,0,0,37,53,21,12.84,14.84,10.84,5.68,6.58,4.79,7.16,8.26,6.05,439,219,220,11.55,11.53,11.58,150,73,77,86,43,43,38,19,19,3.95,3.84,4.05,2.26,2.26,2.26,38,34,28,21,17,12,8,4,32,42,21,3,3,0,10,8,2,26,42,11,9,3,6,24,16,32,8,3,5,21,16,26,38,19,19,60,37,23,1.58,1.95,1.21,32,19,13,0.84,1,0.68,28,18,10,0.74,0.95,0.53,32,18,8,84,47,21,55,29,26,1.45,1.53,1.37,14,8,6,37,42,32,13,5,8,11,6,5,14,9,5,37,47,26,16,5,11,14,6,8
